Reviewer ID,Paper ID,Originality,Significance,Correctness,Experiments,Reproducibility,Clarity,Overall
h7nc,552,3,2,3,2,2,2,4
84C7,143,3,3,3,1,3,3,6
bD5F,610,3,3,3,3,3,4,7
KJ5v,648,2,1,2,1,2,3,2
oD8V,733,3,3,3,3,3,4,6
jkW9,517,2,2,2,1,2,2,3
dCms,203,3,3,3,2,2,2,4
637n,267,3,2,3,2,3,4,4
GiWC,113,3,2,3,3,4,4,6
dY4R,610,3,3,3,3,2,3,7
7xkH,274,3,3,3,2,2,3,4
aLE1,701,2,3,3,2,4,2,4
ytuP,367,2,1,3,2,3,2,3
9ZZx,517,3,3,3,3,3,2,6
Ytrt,52,1,2,3,2,2,3,3
EnfR,577,2,2,3,2,2,2,3
xV4i,52,2,2,3,3,3,3,6
Zi6q,138,2,2,3,0,3,3,4
7BHK,485,2,2,3,3,3,3,4
sN6S,394,2,2,3,2,3,3,5
nYGG,267,2,1,2,2,3,4,3
o77E,733,2,2,2,2,1,1,5
mVNX,349,3,2,3,2,2,2,5
1L1a,555,3,3,1,2,3,2,4
CFJ4,355,2,2,2,1,2,3,4
Nywi,280,2,2,3,2,3,3,4
X4Af,632,1,1,3,2,2,3,4
3n1s,535,2,2,1,3,1,3,3
nVog,632,2,2,3,3,3,4,3
pifW,406,2,2,3,3,3,4,6
f5Um,346,2,2,3,2,2,1,3
UQ2M,372,2,3,3,2,2,3,4
R7K4,100,2,1,1,2,2,1,4
Rh4m,45,3,2,3,2,3,3,5
CjkF,282,2,2,2,2,2,2,3
F9N9,299,3,3,2,3,2,2,6
LhVm,380,3,3,3,3,3,3,7
6fyP,406,2,3,2,3,3,2,6
fgjw,535,3,3,3,3,3,3,7
wk3W,148,3,3,3,3,2,3,7
Pcxp,596,2,2,3,2,2,4,6
6USj,431,2,2,2,3,3,2,3
1bsG,468,2,2,3,3,2,3,4
sVd6,349,3,3,3,2,2,3,7
VmK1,444,3,2,3,3,3,3,5
eSra,506,2,2,3,2,2,2,3
5Bky,488,2,2,2,2,4,4,4
qQiz,552,3,3,3,3,3,2,5
rCks,100,2,3,3,2,2,3,6
kbPk,431,3,2,3,3,3,3,6
8Bi2,383,2,2,3,2,2,3,4
nAYf,533,3,3,3,3,3,4,7
Vfuc,155,2,2,2,2,2,1,3
aSXS,599,1,2,4,2,2,3,4
ScK5,518,3,3,2,3,3,3,5
DdkL,668,2,2,1,2,1,1,2
gtcX,363,1,2,2,2,3,3,3
rdRj,124,4,3,3,0,3,2,6
ZyzE,615,2,1,2,1,2,1,3
QRZF,576,3,3,3,2,3,3,6
exPY,146,2,2,3,3,3,4,6
HXa7,312,3,2,3,3,3,3,6
i9W2,347,2,2,3,2,2,2,4
K1tV,106,2,2,3,2,3,4,6
xWXJ,468,1,2,2,2,3,2,3
zapQ,356,3,2,3,0,3,2,4
6RUB,234,2,2,2,3,2,3,5
4XbG,312,2,2,3,3,3,3,6
WAUc,86,2,2,1,1,1,1,3
VAb8,456,3,3,3,2,3,3,6
Y5w7,592,3,3,3,3,3,4,6
u4Fm,30,1,1,2,2,1,2,3
hSpd,628,3,2,3,0,3,3,5
tNxS,162,2,2,3,3,3,4,7
uGTE,404,2,1,1,1,1,1,1
vTNW,185,2,1,2,2,1,2,3
VXVr,403,3,2,3,3,3,4,7
RtmM,565,2,2,3,2,2,2,4
pGK1,312,3,2,3,2,3,3,5
pWu1,565,2,3,3,2,3,3,5
X7uJ,253,2,2,3,3,2,4,5
x1bz,237,2,2,2,2,3,1,3
tiZW,462,2,2,2,2,2,2,3
A9JM,229,2,2,2,2,2,2,3
WAQA,334,2,2,2,3,2,2,4
Bk3X,715,2,2,3,3,3,3,5
N8Jh,216,2,2,2,3,2,3,4
uiQo,548,2,2,3,2,2,3,4
GE6g,89,3,3,3,0,2,3,7
9qhX,162,3,3,3,3,3,3,7
KeEB,477,2,3,3,2,2,4,4
FZ9R,252,1,1,3,3,3,2,2
R5pp,287,2,2,2,2,3,4,5
QztY,438,3,3,3,3,3,3,6
kuTg,252,2,3,3,2,4,3,6
PeBL,154,3,3,2,0,3,3,7
otAn,500,2,2,2,2,2,2,5
3zgy,499,2,1,3,3,2,3,4
KTc2,239,2,2,3,1,4,4,3
jKcB,643,1,1,2,1,1,1,2
3w8v,686,2,2,3,3,4,3,5
BFuE,444,2,2,4,2,2,4,5
Y4gZ,264,2,2,3,1,4,4,4
yz3V,341,3,2,2,3,3,3,5
Cy15,433,3,3,3,3,3,3,6
uJmW,545,2,2,3,2,1,4,6
7DCy,188,3,2,3,3,3,4,6
mRrj,498,2,2,3,3,4,4,3
xeJ6,721,2,2,3,3,2,4,6
yWgH,270,3,3,3,3,3,3,7
9kNS,360,3,3,3,3,3,4,6
ssU4,151,2,2,3,2,3,3,3
4Wp7,516,2,2,3,0,3,3,5
Rwwu,308,2,2,2,3,2,3,5
CGC7,563,2,1,2,2,3,4,4
Ws6G,360,2,2,3,3,4,3,4
kjbd,16,3,3,3,3,3,3,6
665k,188,3,3,3,2,3,4,7
mNo8,352,2,2,4,3,3,4,5
jxbd,370,2,2,3,2,3,3,3
pLrc,344,2,3,3,3,3,2,5
1dts,116,2,2,2,3,3,3,3
xuLr,228,2,3,2,1,3,3,4
gzKD,629,3,2,2,2,3,2,4
S6cP,175,2,2,2,2,3,3,3
gGdJ,392,2,2,3,3,2,3,5
PGnV,604,3,2,3,3,2,4,6
fvjT,209,1,1,2,2,2,1,3
Ay6h,152,3,3,3,4,3,4,7
KdGD,151,2,1,2,1,1,1,2
cfm5,416,2,2,3,2,3,3,4
yGNu,270,2,3,3,3,3,4,7
gTaf,22,3,2,3,3,3,4,7
p4uw,62,3,2,3,3,2,3,5
284r,652,3,3,3,4,3,4,7
W8U3,565,2,2,3,2,2,2,4
Pg4H,562,2,2,3,3,3,3,5
FVgb,80,2,2,2,2,4,3,4
vxAj,643,3,3,2,2,2,2,4
XxGG,273,3,2,3,3,2,3,6
rZWA,487,3,2,2,2,2,3,5
ePQo,56,2,2,3,3,4,3,5
mWzt,683,1,2,2,3,2,1,3
fbZ3,710,2,2,3,2,3,3,5
jqdF,280,2,2,1,2,3,2,3
NnB7,227,1,1,2,1,2,1,2
DDEZ,257,2,2,2,2,3,3,4
mLr4,518,2,2,1,2,2,2,2
hFXt,666,2,2,3,3,3,3,6
eyXa,71,2,2,3,3,2,2,5
Ksxb,381,3,3,3,3,3,3,6
fNi8,327,2,2,3,3,2,4,5
5zu1,334,1,2,2,1,2,2,3
Yqgk,428,2,2,2,1,2,2,3
DMf5,416,2,2,3,3,3,3,5
eKur,523,2,2,3,2,2,2,2
FZrF,341,2,2,3,3,2,3,4
23ZV,683,3,3,3,3,3,3,7
z1Ue,323,2,2,1,4,4,3,4
JzHd,499,2,2,1,0,2,2,3
JhWM,446,3,4,3,3,3,2,8
pTzX,175,2,3,3,2,3,2,5
D5bH,177,2,1,1,1,1,2,2
w3Zc,224,3,1,3,2,3,3,3
xoLg,47,2,2,3,2,3,3,6
Yjus,327,3,2,3,3,4,3,7
KPQZ,59,2,2,2,2,2,2,4
Bjpr,478,3,3,3,3,3,3,6
ApdT,168,2,2,3,3,3,4,5
VTn3,683,2,2,3,2,2,3,4
RGiV,607,3,3,3,3,3,3,7
Zzw5,464,2,2,2,2,2,3,3
xP2G,669,2,2,1,2,1,3,3
ARb1,443,2,2,2,2,2,2,4
DjQD,550,3,2,3,3,2,2,5
VBTA,108,2,2,3,3,2,3,4
56AM,469,2,2,3,2,2,2,4
e9dk,571,2,2,3,2,2,3,4
Savf,83,2,1,3,3,2,3,4
sS6j,400,2,2,2,2,2,2,3
wNTX,422,2,2,3,2,2,2,4
EagY,240,2,2,3,1,3,3,3
29eJ,688,2,1,3,2,3,3,3
zZtE,105,3,3,3,3,3,3,7
QrvS,150,2,3,3,3,2,2,6
1XRG,523,2,2,3,2,3,3,4
gAwn,589,3,2,4,3,2,4,7
4vL1,446,3,3,3,3,3,3,7
MBhr,337,3,2,3,3,2,3,6
46Pd,279,3,2,3,3,2,4,7
JisJ,302,3,2,3,2,3,4,6
LKzs,167,2,2,2,2,3,2,4
qwpD,116,2,1,3,2,2,2,4
kbzd,541,2,2,3,2,2,2,3
L13t,405,2,2,3,2,2,2,5
qybJ,140,2,2,3,3,3,3,4
1mAc,581,3,3,3,2,2,2,7
Fsn8,87,2,2,3,0,2,1,4
n7EN,22,3,3,3,3,3,3,7
yTvs,536,3,2,3,3,2,2,4
SnuG,427,2,3,3,2,3,3,6
SwPB,149,2,2,2,2,3,2,4
GNX2,321,2,3,3,3,2,2,5
mjaE,284,2,2,2,0,2,2,5
6gTU,454,2,2,1,3,2,2,4
A3iY,18,2,2,2,2,2,2,5
nk1Y,689,2,3,2,2,3,4,5
ttYF,547,2,2,3,2,3,2,4
YzSo,559,2,2,2,2,1,3,5
fS5i,347,2,1,2,1,1,1,2
er5T,182,2,2,3,3,2,3,4
hxKk,369,2,2,3,3,3,4,5
5zaW,200,1,2,3,3,3,2,5
3cTn,152,2,1,3,3,3,1,4
JsX2,572,4,4,3,0,3,4,8
7Z33,580,2,2,3,2,2,3,5
rWAF,721,2,2,3,2,2,2,5
eXaB,621,3,3,3,3,2,3,8
oNrk,626,3,4,3,3,2,3,4
Lvva,170,2,3,4,3,4,4,6
vyuR,703,3,3,3,2,3,4,5
69gi,238,2,2,2,2,2,2,4
rMjg,198,2,2,2,2,3,2,4
DyEk,436,1,1,3,2,3,2,3
XPWv,205,2,2,2,3,3,3,5
R5bf,387,2,2,3,2,2,2,4
kNup,142,3,3,3,1,3,4,4
z9n5,518,3,3,2,3,3,2,5
XG3E,632,2,2,3,3,2,3,5
SuHY,306,2,3,3,2,3,3,7
QnF3,523,2,1,3,3,2,3,4
ZxcQ,619,2,2,3,2,2,3,5
cBgC,370,2,2,2,2,3,1,3
a82i,285,3,2,4,4,3,4,7
BW8U,664,2,2,3,3,3,3,5
8A6Z,402,1,1,2,2,2,1,2
8Vgy,347,1,1,1,2,1,1,2
8648,224,1,1,2,2,3,2,2
pHPi,274,2,2,2,2,3,2,3
zerJ,587,3,3,3,3,3,3,7
imTW,333,3,3,3,3,3,4,7
MW4y,357,3,3,3,3,3,3,7
W3Sp,194,3,2,3,4,4,4,7
jHG1,371,2,2,3,2,2,3,5
BkMc,121,2,1,3,1,2,4,3
SG5z,400,1,2,1,2,2,3,3
jNFb,448,2,2,3,2,4,3,4
3PX8,302,2,2,2,0,3,2,3
DNB7,293,2,2,3,0,3,4,5
4y5g,532,3,3,3,3,3,3,6
H2gZ,200,3,3,3,3,3,3,5
oCg9,666,3,3,2,2,2,2,4
Pngd,207,1,1,3,3,3,3,5
hC46,489,2,2,3,2,2,2,6
z92i,546,3,3,2,2,4,4,5
khMA,466,2,2,3,3,2,2,4
S5pC,476,2,2,3,2,3,3,5
fTaR,371,2,3,3,2,2,3,5
Z3sU,294,3,2,3,3,4,3,6
kWvz,739,2,2,3,2,3,3,5
nv9j,553,2,2,3,1,1,3,3
WXAK,48,3,3,3,3,3,3,7
xftx,302,2,2,3,2,2,2,4
4zit,495,3,3,3,0,3,3,5
fa8g,537,2,2,3,2,3,3,4
G21j,582,3,3,3,3,3,3,5
TPah,639,2,2,3,2,2,2,4
akLT,616,2,2,3,3,3,2,3
KgoN,582,3,3,3,0,4,3,6
KWKJ,446,3,3,3,4,3,3,6
ee5R,701,2,2,3,2,4,3,3
U5bn,387,2,2,3,2,2,2,4
o1HE,681,2,2,3,3,2,2,4
nfA3,659,2,2,2,3,3,2,4
cgwm,478,3,3,3,3,3,4,7
HsTY,550,2,3,3,3,1,4,5
xZc5,66,2,2,3,2,2,2,4
zyto,70,3,3,3,3,3,3,5
MQfd,395,2,2,3,3,2,3,4
2bnu,269,2,2,3,2,2,3,4
wGsZ,278,1,1,3,1,1,3,3
ZPgv,723,3,2,3,2,2,3,5
3VNH,183,2,2,3,3,3,3,4
h4tR,572,3,3,3,3,3,3,5
1SG9,30,1,1,1,2,1,2,1
XRSf,601,2,2,3,3,3,2,3
ngx9,728,1,1,3,1,3,3,4
N4TK,259,2,2,2,2,1,2,3
68Qs,299,2,2,3,3,3,3,5
8WXz,323,3,2,3,2,3,4,6
wfn1,37,3,3,3,3,3,3,6
2iQF,734,3,3,4,3,4,4,8
4KcE,218,2,2,4,2,2,3,4
bfhi,141,3,3,2,4,3,3,5
YMRq,123,2,2,3,2,1,1,4
mEPn,629,3,2,3,2,2,3,5
uUoP,134,1,1,2,2,2,2,3
GAAw,622,1,2,3,2,4,3,5
vGXz,226,3,3,3,3,3,3,6
yvCx,400,2,2,3,2,2,3,4
fUzU,70,3,2,2,2,2,3,4
LMAY,399,2,1,1,0,1,1,2
7hm3,168,3,3,3,3,3,3,7
KuUM,201,1,2,3,2,3,3,3
FRjV,624,2,2,2,2,2,2,3
aFN5,497,3,2,2,2,2,3,4
YatR,88,2,2,2,2,2,2,4
XxCS,307,3,3,3,3,3,3,7
6Wx4,744,3,3,2,2,2,2,5
sreF,574,2,1,3,0,3,1,3
ze4K,131,2,2,3,2,2,3,4
72gZ,529,2,1,2,0,3,1,3
Yf3H,456,3,2,3,0,4,3,7
6BES,237,2,2,2,3,3,2,3
fstt,516,3,3,3,3,3,3,5
K87g,563,2,2,3,2,3,3,6
DHJG,210,2,2,3,3,3,3,5
cMsR,340,2,2,3,2,3,4,5
nLMF,64,2,2,3,2,4,3,5
ruYg,304,3,3,3,3,2,3,8
GzLr,527,3,3,3,2,2,3,7
DSQZ,314,3,3,3,3,3,4,7
n8Mh,273,2,2,3,2,3,3,5
Zvrv,574,3,3,3,3,3,4,7
DhpW,719,2,1,3,2,2,2,4
NSgv,154,3,3,3,3,3,3,5
idos,73,2,1,1,2,1,1,3
K5nZ,611,3,2,3,0,2,2,6
LWZb,171,1,2,3,3,3,4,3
uhnB,10,3,3,3,3,2,4,7
tMBF,318,2,2,3,3,4,4,6
uuqr,344,2,2,3,3,3,2,4
Et6G,535,3,2,2,2,1,2,4
pAF4,467,2,2,3,2,3,3,6
CiTc,493,2,2,3,3,4,3,6
59b1,10,2,2,3,2,3,3,5
hoLf,56,3,2,3,3,3,2,6
vAPK,538,2,2,2,3,3,2,4
FGTx,103,3,3,3,3,3,3,7
t35N,419,3,3,3,3,3,3,7
UYu6,383,3,2,3,3,3,3,5
Hdzd,4,3,2,3,2,3,3,4
74Nw,357,2,2,3,2,3,3,5
hhXi,176,2,2,2,2,2,2,3
hChq,190,3,3,3,3,4,4,7
6c7d,441,3,3,3,2,3,3,5
mRGL,631,3,3,3,3,3,3,7
j7mC,184,3,2,3,3,2,3,6
d2Km,217,3,2,3,3,3,3,6
vc8h,373,3,3,2,2,4,3,5
1cqQ,374,2,2,3,2,2,2,5
1DGT,352,2,2,2,2,2,3,4
xQH3,308,2,2,2,1,1,1,3
xiW8,318,2,2,2,1,2,2,5
L6b1,684,2,2,2,2,2,2,5
X9fy,353,2,2,3,3,2,4,5
wkC8,704,3,2,2,2,3,3,5
mkVp,729,3,3,3,3,3,3,7
TT2N,629,2,2,2,2,2,2,4
Rmnp,81,2,2,2,1,1,2,3
hD4S,495,3,3,3,3,4,4,6
qujv,123,3,3,3,3,4,4,8
HRBk,218,2,2,3,2,2,2,4
358t,168,4,4,3,4,3,2,7
ftoW,426,2,3,3,2,3,3,5
j5LS,301,3,3,3,2,2,2,4
jifS,103,3,3,3,3,2,3,6
RNND,125,2,3,3,2,3,3,5
Ueg1,148,2,2,2,2,2,2,5
Fvag,363,2,2,2,3,2,3,4
KNxt,247,1,1,1,2,3,2,2
1qwr,583,3,2,3,3,3,3,7
4Fo1,132,2,2,3,3,3,4,5
NjF2,494,2,2,2,3,2,3,4
wbd7,283,3,2,3,3,3,3,5
uvPc,634,2,2,3,3,2,3,5
7th4,362,2,2,3,2,2,3,4
v1sN,286,3,3,3,3,3,4,7
Rpqu,76,1,1,1,1,1,1,2
qBt3,266,3,3,3,3,3,3,7
VWsX,668,2,3,3,2,2,2,4
sVWk,405,3,3,3,2,2,3,5
swtH,90,1,1,2,1,2,2,3
z3VR,268,2,2,2,3,3,3,3
kEDW,327,3,3,3,3,3,4,7
F8r6,421,2,2,3,2,2,2,5
RAmc,401,2,2,3,3,3,3,4
LNCm,245,3,3,3,3,3,3,6
rZK2,140,3,3,2,3,3,3,4
sMbR,276,3,3,3,2,3,3,5
r2Kp,621,2,2,2,2,2,3,4
HBSS,157,2,2,3,1,3,3,4
GRDd,9,2,2,3,3,2,3,6
iuNg,588,2,3,3,2,2,3,5
dNs8,475,2,2,3,3,2,3,6
UmzV,305,3,3,2,2,3,4,5
r5cx,144,2,2,3,2,2,2,4
AuWF,177,2,2,3,3,3,2,4
aPdu,381,2,2,3,0,2,3,4
UzJn,584,3,2,3,2,3,3,6
DdF1,253,3,2,3,3,3,3,6
q7TS,198,2,2,3,3,2,3,4
A6TN,194,2,2,3,3,2,3,6
MXC8,306,3,3,3,2,3,3,6
yi5S,176,2,2,2,3,1,2,3
qRXz,144,2,2,3,3,3,3,5
9AQw,155,1,1,2,2,1,1,3
81eR,260,3,2,3,0,2,4,6
vDed,14,2,3,2,2,3,3,6
DEWY,277,3,3,3,3,3,4,8
aWyw,269,2,1,3,2,2,3,3
ky3y,10,2,2,3,2,3,4,3
4uR3,104,2,1,2,3,3,3,4
Z7zb,178,2,2,2,1,2,2,3
nf6d,613,2,2,3,3,2,3,5
2UQP,146,3,3,3,3,3,2,7
UYbP,422,1,1,1,3,3,3,3
dNTp,230,2,1,2,2,2,1,3
fykf,271,3,3,3,3,3,3,6
fqEc,437,3,3,3,3,3,3,6
QaqZ,213,3,3,3,3,3,3,5
XBPW,590,3,3,3,3,3,3,4
Ypsj,185,2,2,1,2,1,1,2
h1ZD,654,2,3,3,0,3,4,5
q61e,615,3,3,3,2,3,3,3
HK5t,729,3,3,3,2,3,3,5
beQJ,497,1,1,1,1,2,2,2
cZDa,436,2,2,3,2,3,3,3
6GnD,489,3,3,3,3,3,4,7
iCwy,296,2,2,3,3,3,4,6
Xh3D,691,3,4,3,3,3,3,6
tGeR,72,3,3,3,3,3,3,4
A8Gu,636,2,2,2,1,3,3,4
mfrB,52,2,3,3,2,2,3,5
o42R,563,3,2,3,2,2,3,6
wsc1,79,2,2,2,2,3,3,4
wWmc,34,2,3,2,2,2,1,2
YXX1,290,3,2,3,2,3,3,3
dj15,599,2,2,2,1,2,3,4
DazU,329,3,4,4,3,3,3,5
cYFn,14,3,3,3,3,2,4,7
t9Mm,557,3,3,3,3,2,3,7
Dasg,68,2,2,2,3,4,2,3
vQej,442,2,2,3,3,2,2,4
DozF,133,2,2,2,2,2,2,5
cHMa,620,2,2,2,2,2,1,3
4ztG,172,3,3,3,4,2,4,7
7ZMe,621,2,2,3,3,3,3,5
gwYz,655,3,2,3,3,2,1,4
L9WH,456,2,2,3,2,3,3,5
G9nx,211,2,1,3,1,3,3,3
PE6m,193,2,2,2,2,3,3,5
HmS2,603,3,2,2,2,3,2,4
WBb5,554,1,2,2,2,2,3,4
PrUQ,323,2,2,3,2,3,3,5
iFBg,458,3,3,3,3,4,2,7
29Ry,265,2,1,2,1,4,2,3
F15W,331,3,2,3,3,2,3,4
KPJp,14,2,2,3,2,2,3,4
m3sK,722,2,2,3,2,3,3,3
7v2u,202,1,2,2,2,3,3,4
1sEr,220,2,2,3,3,3,3,5
QhQP,554,2,2,3,3,3,2,4
AQoU,235,2,3,2,2,1,3,4
RW1T,233,3,2,2,2,1,2,4
V9Y6,533,2,1,3,3,2,2,4
eabg,234,3,3,3,3,3,3,6
8dmN,128,2,2,2,3,3,3,4
rxKJ,471,3,3,3,3,2,2,6
TYEp,509,3,2,2,3,3,2,6
HhbG,196,2,2,2,2,2,2,5
zdBV,69,3,2,3,2,3,3,6
qbGJ,659,2,2,3,2,2,3,4
CEag,649,2,2,3,2,4,3,5
Z9wY,699,2,2,3,3,2,3,6
MS2c,251,3,3,3,3,2,2,4
rkoC,251,2,2,2,2,2,2,5
Ld4R,725,3,2,3,3,2,3,4
KMP7,625,3,3,3,3,2,3,7
qXwW,140,2,2,3,2,3,3,4
qt69,639,2,2,3,2,2,2,4
hTkX,543,2,2,2,3,2,2,5
huLF,540,2,3,3,0,3,3,6
eSRU,293,3,2,1,2,2,3,3
bb7k,737,3,3,2,1,3,2,4
D2cS,295,2,2,3,2,2,3,4
FzYP,50,2,2,3,2,3,2,4
KLe5,145,2,3,3,2,3,3,4
6Q8u,536,2,2,3,2,2,3,3
JEpq,426,2,2,1,1,2,1,3
yiRv,339,2,3,3,3,3,3,5
56W6,181,3,2,3,3,3,3,7
JPgc,734,3,3,3,0,4,4,7
3Xdv,469,2,2,3,3,3,2,4
ukwv,524,3,3,2,2,1,2,6
6sie,741,1,1,1,2,2,1,3
cxaz,662,3,3,3,2,2,4,3
wrtS,717,2,2,3,3,2,3,7
rF1e,250,3,3,4,2,4,4,6
XJcM,631,2,2,2,2,3,3,6
dpnr,158,2,2,3,2,3,3,6
kfvo,388,3,3,3,3,4,3,7
QcM8,623,2,2,3,0,3,2,5
fG6J,245,2,2,2,1,2,2,4
NHnh,376,3,3,3,3,3,2,8
nSvh,473,1,1,3,3,3,4,4
y1qq,227,2,2,3,0,4,2,4
3vGX,122,2,2,3,2,3,3,6
dMqW,186,3,2,3,2,3,4,6
qSdc,738,2,2,3,3,4,4,3
jzmh,119,2,2,2,3,3,1,5
UT6x,348,2,1,1,1,1,1,3
t13Y,692,2,2,3,3,3,3,3
tJN7,429,3,2,3,3,3,3,4
JCJc,417,1,1,1,1,1,2,1
JJ3o,436,3,3,3,3,2,3,6
FTBu,457,3,3,3,3,3,3,7
wWig,527,3,2,3,3,3,3,7
So4t,506,2,1,1,1,1,1,2
nA7M,504,2,3,3,3,2,3,6
CZkK,510,2,2,2,1,2,2,3
iV6p,584,2,2,3,0,2,3,5
vunP,75,2,2,2,3,4,2,3
ozEg,403,3,2,3,2,3,3,5
jZfL,705,2,2,2,0,3,2,3
JH7R,259,2,2,3,3,2,3,5
BYAG,197,2,3,3,2,4,4,6
NRay,587,2,3,3,2,2,3,6
4qvR,55,2,2,3,2,2,2,3
qMLo,402,2,2,2,1,2,2,4
ZJtL,126,2,1,3,2,2,2,3
8CJW,321,3,3,3,3,2,3,6
eNSj,370,2,2,3,2,2,3,3
ZWUe,72,2,2,1,2,1,1,2
C9py,363,1,2,2,3,2,3,4
3Xpc,633,2,2,3,2,2,3,4
amur,308,3,2,3,3,2,2,5
Vkmo,7,3,3,3,4,3,3,6
YKs1,313,2,2,3,0,3,3,6
JX3D,468,1,2,3,2,2,2,4
t9mA,686,3,3,3,0,3,3,6
rs65,610,2,2,3,2,1,3,5
BGoo,313,3,2,3,3,2,3,6
zSWN,531,3,2,3,3,3,2,5
vAoi,705,3,2,3,3,2,2,4
6xCs,241,3,3,3,3,3,3,7
75CH,348,2,2,3,2,3,3,4
eiqA,229,2,2,2,2,3,3,4
rEzm,302,3,3,3,0,4,4,7
1Xca,16,3,3,2,2,2,2,4
ZApM,316,3,3,3,4,4,4,8
DFNE,664,2,2,3,2,3,3,4
dpYa,350,3,3,3,0,3,2,4
XJC6,405,3,2,2,2,2,2,6
XAZ5,96,2,2,2,0,2,2,3
NoHD,545,2,2,3,2,2,2,4
Tdnp,579,2,2,3,3,3,3,5
6vfq,208,2,2,3,3,3,3,3
tZtg,402,4,3,3,2,3,3,6
sw9P,569,2,2,3,2,3,3,5
9qbu,270,3,3,3,4,2,3,7
dJoe,301,2,2,2,0,3,3,4
ru6V,253,1,2,3,2,1,3,3
UB3c,278,3,3,3,3,2,3,6
3b44,429,2,2,3,3,2,3,6
EAYr,44,2,3,3,0,2,3,6
ArPc,111,4,4,3,3,3,4,8
CSn8,62,1,1,4,3,2,2,4
VYQn,566,1,2,3,3,3,3,5
Vfua,283,2,2,3,2,2,3,4
iMPA,195,2,3,3,3,3,4,6
M24P,303,2,3,3,3,3,2,6
bhwK,592,2,2,3,3,3,3,6
sUGN,578,2,2,2,3,2,3,6
AZhM,161,2,2,3,3,3,3,4
7ofk,174,3,2,3,2,2,3,4
meUJ,654,2,2,3,0,3,2,4
Cpf4,314,3,3,3,3,3,3,6
7sVR,344,2,2,3,3,1,2,3
BwNp,708,2,2,2,2,2,2,4
EoFN,127,2,2,2,2,1,1,2
jpsc,236,2,2,2,3,2,3,5
Ex5y,699,3,2,3,3,2,3,6
sFxT,42,2,2,3,2,3,3,5
k2JL,353,3,2,3,3,3,2,5
czwM,223,3,3,3,3,3,3,6
bzJb,674,3,3,3,3,4,4,7
gyGV,541,2,2,3,0,2,1,4
BgBH,133,1,2,2,2,2,1,3
enkK,733,3,3,3,3,2,2,6
SBts,284,3,3,3,3,3,3,6
823n,378,2,2,1,2,2,2,2
CcQW,664,2,2,3,2,3,3,4
4fK1,365,2,2,3,3,3,3,6
Q58Q,177,1,1,3,3,2,3,4
QzCq,706,3,3,3,0,4,4,6
wS5R,460,2,2,3,3,3,3,6
48RS,324,3,3,2,0,1,1,4
ztra,714,3,3,3,3,3,4,7
kVcD,320,3,2,3,2,3,4,4
TPax,217,3,3,3,3,3,3,6
G5FF,719,3,3,4,4,3,4,8
E5UL,520,2,2,3,2,3,3,4
L7rW,71,3,3,3,2,3,3,5
oqSy,83,1,2,3,3,3,3,4
did1,671,3,2,3,3,3,3,6
BE8X,237,2,2,3,2,3,3,5
d7HP,214,2,2,3,2,3,3,4
Xn3F,220,2,2,2,0,2,2,4
hbeB,147,3,3,3,3,4,4,6
9mn4,324,3,2,3,0,4,3,6
sgYP,388,3,2,3,2,3,3,5
E23d,47,2,2,2,2,2,2,4
e2ig,137,2,1,2,1,1,1,3
ZoCp,707,2,2,2,3,2,2,4
82m4,226,3,3,3,4,3,3,7
29Ce,368,1,1,1,2,4,2,3
JUT1,19,1,1,3,2,2,4,3
yTV1,729,2,2,2,2,2,2,6
rnUf,68,3,2,3,3,3,3,4
L3Tq,711,2,1,4,2,3,3,3
KUud,555,3,3,2,3,3,3,5
UpHM,33,2,2,2,0,3,2,4
hrLH,128,3,2,3,2,3,3,5
VdFi,298,3,3,3,3,3,3,3
FHbV,303,3,3,3,3,3,3,6
BTW5,148,2,2,2,0,3,3,4
oon4,106,2,3,3,2,3,3,5
3cqN,670,2,2,2,2,2,2,4
YQeE,104,2,2,3,2,3,2,5
aFz5,463,2,2,1,2,2,1,3
WYMs,104,2,2,2,2,2,3,4
o3Qk,374,3,2,3,2,3,3,4
wuEh,481,3,3,4,3,3,4,6
bPfg,236,3,3,3,3,3,3,6
Q6PB,32,3,3,4,3,3,4,7
36HV,381,2,2,4,2,2,4,4
SHCi,623,2,3,3,1,3,3,5
anyA,51,3,3,3,3,3,3,5
2XeJ,635,1,2,3,2,2,2,3
aC9c,222,2,2,3,3,3,2,4
ucoY,164,3,2,3,3,2,3,5
ixUE,319,2,2,3,3,3,4,5
SUBs,593,3,3,3,3,3,3,7
G8rJ,609,3,2,3,3,3,4,7
d9WX,700,2,2,3,2,2,1,3
iWfG,667,1,1,1,1,1,1,3
kjJJ,36,3,3,3,3,4,4,6
4G6n,147,3,3,4,3,4,4,7
qnzU,573,2,2,2,2,3,3,4
JWxD,187,2,3,3,3,3,3,6
yucn,167,2,2,2,2,3,2,3
m2KP,735,1,1,3,1,3,3,3
wdnG,175,2,2,3,1,2,2,3
9TDd,630,3,2,3,2,2,3,4
J6fX,186,3,3,3,3,3,3,6
JXbd,624,3,3,3,3,2,2,4
PYdY,715,2,2,3,2,2,2,5
pHdW,228,3,3,3,3,3,3,6
BmmP,588,1,2,3,4,4,3,4
zfAV,734,3,3,3,2,2,3,4
1VDw,643,1,1,1,2,1,2,3
w6YF,657,2,3,3,3,3,2,5
WBMd,238,3,2,3,0,3,3,4
zqss,701,2,1,3,2,2,2,4
KM3b,42,3,3,3,3,1,2,4
5ABX,289,3,3,3,3,3,3,6
YbF9,494,3,3,3,3,3,2,4
nPcz,330,3,2,3,2,3,2,6
a8oA,724,2,1,3,2,3,3,3
RPE8,202,2,2,1,2,3,3,3
hjt3,261,4,3,2,1,2,2,2
bGZZ,67,2,2,2,3,2,2,3
6XVA,501,3,2,3,3,4,3,6
SiEE,143,1,2,3,0,2,2,6
dki9,626,2,1,2,3,3,3,4
Dx7q,527,3,2,3,3,3,4,6
cU7T,332,2,3,3,2,3,2,4
oANg,354,2,2,1,2,1,1,2
xW1W,388,2,2,3,2,2,3,6
Jshe,82,2,2,2,2,2,2,3
X6hw,215,3,3,3,3,3,3,4
cRTj,367,2,2,2,3,2,3,4
vAKB,4,3,2,3,2,3,3,6
WgXP,696,2,2,3,3,3,3,5
tUHD,564,1,2,3,4,4,3,3
1i96,167,3,3,3,1,2,2,6
1aAe,15,3,2,3,2,3,3,6
tS9z,294,3,3,3,3,3,3,7
czsG,61,3,2,3,2,3,3,6
Fsbo,450,2,3,3,2,3,3,6
mX8B,157,2,2,3,0,3,3,4
TzcA,621,2,2,2,3,2,3,5
qSiu,591,3,3,2,3,2,3,6
PQSj,695,2,3,3,2,3,3,5
irF6,646,3,2,2,3,2,2,5
sS2Z,572,3,3,3,3,3,3,6
qK9C,449,2,3,3,2,2,3,4
jd1r,44,2,2,3,3,3,1,4
uwLV,412,3,3,3,3,3,2,6
okMS,410,3,3,3,3,3,3,7
QXDA,349,3,3,3,3,2,2,5
twfe,55,3,3,2,3,2,2,4
WUgx,135,2,2,4,3,3,3,4
PnFX,374,2,2,2,2,2,1,4
ESbP,549,3,3,3,3,3,3,5
T3nS,391,2,2,2,1,1,2,2
Vqy3,589,2,2,3,3,1,3,3
RrzA,287,3,2,3,3,3,2,5
E4MJ,266,2,3,3,2,3,3,5
KToo,94,2,2,3,3,3,2,3
4Xbj,569,3,3,3,3,3,3,4
Ri1K,255,2,2,3,2,3,3,3
tVpq,420,2,3,3,2,3,3,4
F5My,408,2,2,3,3,2,2,4
oMG7,558,1,1,2,2,1,3,3
UcBQ,409,2,2,2,3,2,2,3
CQd6,668,2,2,3,2,4,3,3
DtjD,553,3,4,3,3,3,3,7
4hW3,239,3,2,3,3,2,3,7
WqJ9,298,2,2,3,3,2,1,3
oHHh,343,3,2,3,2,3,3,6
zwZG,689,3,2,3,3,2,3,5
DW2c,562,2,2,3,3,3,3,6
qy8m,191,2,3,3,2,2,3,4
vamF,211,1,1,1,0,1,1,2
yUmN,579,2,2,3,3,3,3,3
zDCF,530,2,2,3,3,4,3,5
iD5V,648,2,2,4,3,1,3,3
kQkq,328,3,2,3,2,2,2,6
SD6f,93,2,2,2,2,1,1,2
iph7,34,2,2,2,2,3,2,3
kUht,701,3,3,3,3,2,3,6
rs1P,704,3,3,3,4,3,4,7
9xjE,482,3,2,3,3,4,4,8
H9M5,117,2,2,2,3,4,2,4
Mttz,55,2,2,3,3,2,1,4
pRZb,522,2,2,2,2,1,1,5
zR2g,652,3,3,3,3,3,4,6
21Ts,297,1,2,2,3,3,1,3
xrTq,75,3,1,3,3,2,3,4
yh47,219,3,3,3,3,3,3,7
r5a2,201,3,3,3,3,4,3,8
RXQH,173,2,1,3,2,3,3,3
Hcj9,2,3,3,3,3,2,4,5
Yyei,700,1,1,3,2,3,2,2
e31M,281,3,3,3,2,2,2,4
JpJi,233,3,2,3,3,3,3,7
mg9s,371,2,3,3,3,3,3,7
DXyA,420,1,1,2,2,2,2,3
4ZVs,665,3,2,3,0,3,2,5
yjjC,661,2,2,3,2,2,3,6
RAjx,390,1,1,1,0,1,1,1
ZEPG,122,3,2,4,3,3,4,7
VQbP,199,2,2,2,2,3,1,4
Z4GT,432,2,3,2,1,2,2,4
w1yT,401,2,2,3,3,3,3,5
y5JZ,227,2,2,3,2,3,3,3
tBHj,11,3,3,4,4,3,4,7
vYy3,585,2,2,3,3,2,3,4
EsZo,616,3,3,3,2,3,3,6
EJ9D,320,2,2,3,2,3,2,4
EdTw,424,2,2,3,3,3,4,6
62js,530,2,2,3,3,4,3,7
dWEL,604,3,3,3,2,3,3,6
d9Bo,224,3,2,3,2,3,2,3
MjJF,435,1,2,1,2,2,1,3
CkYM,743,1,1,2,1,3,3,3
B9Pw,258,3,3,3,3,3,3,6
Fo8q,414,3,3,3,3,3,3,7
aQyB,538,3,3,3,3,3,3,6
bW28,604,2,3,4,3,2,4,7
X8kv,607,3,4,3,3,2,4,7
x984,670,3,3,3,3,3,4,8
q3AE,307,2,2,3,3,3,4,6
BmiF,396,2,2,3,3,3,4,6
fV8R,335,3,2,3,3,2,2,6
CY9V,375,2,2,3,3,3,3,6
FQrf,708,2,2,3,3,2,3,6
RGqL,120,3,3,3,3,4,4,7
aaJk,489,3,3,3,3,3,4,9
5Ef9,592,2,2,3,3,3,4,5
YVex,33,2,2,3,2,1,2,3
QnPM,440,2,2,2,2,3,1,4
zjEC,690,2,2,3,0,3,3,6
ipRL,581,3,3,3,0,3,3,7
qs5A,53,3,3,3,3,3,4,8
iU7J,290,3,3,3,3,2,3,6
k15o,559,3,2,3,3,2,3,5
QULf,26,3,3,3,2,3,3,6
JrAX,576,3,3,2,2,3,2,5
pviP,170,3,3,3,3,4,4,8
67Wc,336,2,2,2,1,2,2,3
ZUTp,195,1,1,2,2,2,1,2
7k69,528,2,2,1,2,2,2,3
oHkD,492,4,3,4,3,4,4,10
rSPA,403,3,3,3,3,2,3,6
eaYK,524,3,3,3,2,3,3,4
PBDn,730,2,2,3,3,3,3,5
4sxt,410,3,3,3,2,3,3,6
NA8U,480,3,3,3,0,4,4,8
8A5W,484,3,3,3,3,3,3,7
EdSh,633,2,1,3,2,4,3,5
ZT2V,376,2,3,3,2,3,3,5
zmak,107,1,1,2,2,1,2,3
YFhm,644,2,2,3,3,3,4,6
7p8J,245,3,3,3,3,3,3,5
54fp,398,2,2,2,2,3,3,3
Y8tP,3,2,2,3,3,3,3,6
RxoL,396,3,3,3,3,2,4,8
67io,731,3,3,3,3,3,3,6
uA4x,260,3,3,3,3,3,4,7
DzH1,181,2,2,3,2,3,3,7
d9KY,68,1,1,1,3,2,1,3
b9XQ,700,3,2,2,1,2,4,4
XTXJ,277,3,3,3,3,3,3,8
h5j8,618,2,2,3,3,3,2,4
J67i,251,2,2,3,3,1,2,3
xY3D,120,3,2,3,3,3,3,6
q3jE,11,3,3,3,3,4,3,7
r9CH,303,3,3,3,3,3,3,5
sLXf,69,2,2,3,3,3,2,5
3dRq,193,2,1,2,3,2,2,4
rHEW,81,3,3,2,2,3,3,4
CrF8,366,2,3,3,3,3,3,6
yGcS,61,3,2,3,3,4,4,7
Q4q1,404,1,1,2,1,1,1,2
mYAC,30,2,2,2,2,2,1,3
HRVr,244,1,1,2,2,2,2,3
RQ18,221,2,2,3,3,2,3,5
myUS,278,2,2,2,0,2,3,4
Mu4x,605,2,2,3,2,2,3,3
mAyy,523,2,2,3,3,2,3,7
EmVe,596,1,2,2,2,2,1,2
MenK,442,3,2,3,3,2,3,6
wPmK,640,2,3,3,2,2,2,4
d8fE,318,3,3,3,3,3,3,6
7kGt,397,2,2,3,2,2,2,3
pJrA,93,2,2,3,3,1,1,3
DT7R,597,3,3,3,3,3,3,6
6ici,206,3,4,3,3,2,3,7
YM1r,442,2,3,3,2,3,3,6
VhH3,607,3,3,3,3,3,3,7
Q4mb,221,3,3,3,4,4,4,7
fKPU,610,2,2,3,2,3,3,3
spr4,346,2,1,3,1,3,3,3
4hMW,58,2,3,2,3,3,3,6
XgDZ,369,3,3,3,3,3,3,6
mjE4,611,2,3,3,0,1,2,3
1mtQ,205,3,2,3,3,3,3,4
ad3j,597,3,3,3,0,3,4,7
AuM2,136,3,3,3,3,3,3,4
BxQy,565,1,2,3,2,2,2,4
MahC,553,2,3,3,1,2,2,4
dAXy,441,2,2,3,2,2,3,5
NgFt,654,3,2,3,0,3,3,6
uTth,597,2,2,3,0,3,3,6
z5Tk,51,2,1,2,1,2,2,3
Gv7R,688,3,2,3,2,3,3,3
uaUt,703,2,3,3,3,3,2,4
fixY,558,2,2,3,2,2,2,3
xuEu,680,3,3,3,3,2,4,8
cpf1,343,3,2,3,3,3,3,6
QW7B,532,2,2,2,2,2,2,4
sDyR,204,2,2,2,0,3,2,5
ZX9D,543,2,2,3,3,3,3,5
2dVN,657,3,2,3,3,3,2,5
xoVS,133,2,2,3,3,2,3,5
PgkB,201,1,2,3,3,3,3,3
XrrD,682,2,2,3,3,2,3,4
jeL1,451,2,2,4,2,4,2,4
6YE7,28,2,2,3,2,2,3,4
C59e,677,1,2,1,1,2,1,2
2uBd,479,2,2,3,2,2,2,4
tuqm,128,2,2,4,2,4,4,4
ehA7,659,2,2,3,2,3,2,4
CF6h,75,3,3,3,3,3,4,7
Aqqx,197,2,3,2,3,4,4,4
GeQs,12,2,2,2,2,3,3,3
yzAe,395,2,2,3,2,2,3,4
5sXz,182,3,4,3,3,3,3,8
FNK2,5,1,2,3,2,4,4,6
MpEy,423,2,2,2,2,3,3,4
52uJ,312,3,2,3,2,2,2,5
yYTP,625,2,2,3,3,3,3,6
T3kc,500,3,3,3,3,3,3,5
iKsZ,294,3,3,4,3,4,4,6
o4gu,293,3,3,3,3,3,3,6
52Mb,295,2,3,2,2,3,3,4
5ARU,420,2,3,2,3,3,3,4
HvBX,728,3,2,3,2,3,4,6
xoM3,423,3,3,2,2,3,2,6
vfVJ,741,2,2,3,1,2,4,3
AJdH,289,2,2,3,3,3,3,5
x5jD,575,2,3,2,3,3,3,5
7JHv,478,3,3,3,3,3,2,7
Ua2y,20,2,3,2,2,3,3,4
xZK1,18,3,2,3,3,3,3,5
hLPm,585,2,2,3,2,3,2,3
k1TW,526,1,2,3,3,3,3,4
GHya,723,3,2,3,2,2,3,6
MVkk,232,3,3,3,3,3,3,7
Z6BL,173,3,2,3,3,2,3,5
xyqm,354,3,3,3,2,2,1,6
fZzi,215,2,2,3,1,3,2,4
DtmW,64,2,1,2,2,2,2,3
yThP,655,3,2,3,2,3,2,4
2pqV,448,2,2,3,3,4,4,7
CSks,206,2,2,1,1,3,4,3
DFbu,445,3,2,3,3,3,3,5
QEeY,542,3,2,3,2,3,3,6
iEx4,394,3,2,3,2,3,2,4
eRug,295,3,2,4,0,3,3,7
dvnA,35,2,2,2,2,2,1,3
NEna,667,2,2,3,2,2,3,5
mBc5,421,2,3,3,2,3,3,6
Hnbs,67,1,2,2,2,3,2,3
YZu8,70,4,3,3,2,3,4,7
4NqC,325,3,3,3,3,2,3,7
nS9Y,152,2,2,2,3,3,3,3
qKpW,366,3,2,3,3,3,2,5
nnLm,430,3,3,3,2,2,3,4
gWAe,560,3,3,3,3,3,3,8
pvqh,688,3,4,3,2,2,3,6
Xjyh,256,2,2,3,2,3,3,5
XF73,448,3,3,3,3,3,3,7
QzBE,124,2,2,3,1,3,3,5
uYmR,339,3,3,3,3,3,3,7
srKK,110,2,2,2,3,3,3,4
XDYV,22,3,2,3,3,4,2,6
ASSs,233,3,3,3,3,3,4,7
KiDQ,482,3,2,4,3,4,4,8
ts17,731,2,2,2,2,3,2,4
ULgS,112,3,2,3,3,3,4,7
uBPG,557,3,3,3,3,2,2,6
NFtC,499,2,3,2,2,1,3,4
cUzR,288,3,3,3,2,3,4,6
fa2k,477,3,3,3,3,3,4,7
Lfeq,520,2,2,3,2,3,2,4
VkDm,279,2,2,2,0,3,2,4
BRiQ,664,2,2,3,2,2,3,4
ADoW,270,3,3,3,3,3,4,8
McSN,612,2,2,2,3,3,3,4
F3Tf,676,3,2,2,2,3,3,4
wamZ,351,3,3,3,3,3,3,6
Xuif,20,2,2,4,2,4,4,6
tvTL,509,3,3,3,4,4,4,7
GTAG,421,3,3,4,4,3,3,8
E6GM,52,2,3,3,3,4,3,5
vHhY,255,2,2,2,2,3,2,4
3oh4,410,3,3,3,0,3,3,7
by9C,443,3,3,3,3,3,2,5
Ltma,588,3,2,2,0,3,2,4
iESu,647,1,2,3,3,3,3,4
6vgG,570,2,2,2,1,1,3,5
6oqd,332,1,1,3,0,1,3,3
Sd9v,42,2,1,3,2,3,1,4
E7wy,470,2,2,3,2,2,3,3
Pc8g,712,3,2,3,2,3,3,6
oaqC,208,2,2,2,2,2,1,3
PiER,602,4,4,3,3,3,4,9
XaBQ,560,3,3,3,0,3,2,7
GaqR,4,3,3,2,3,2,2,6
VG65,662,3,4,3,3,3,4,7
ZuFx,225,3,3,3,2,3,3,7
aEjY,517,3,3,3,2,2,3,5
bfNz,690,2,2,3,3,2,4,6
cuKy,76,3,2,3,2,2,2,4
4wd1,89,3,3,3,3,3,3,7
bU6k,138,3,1,3,0,3,1,4
de5j,93,2,2,2,3,2,2,4
1W1G,433,3,3,3,3,3,3,7
mnp4,670,3,3,3,0,4,3,7
MjPX,203,3,2,3,3,3,3,5
1rAQ,691,3,3,3,3,3,3,5
TJLy,215,2,2,2,2,3,3,3
zhkp,450,3,2,3,1,1,3,3
r3Rq,329,2,2,3,2,2,2,3
vRCA,160,2,2,3,1,3,3,3
WMJ8,465,3,3,3,3,3,3,8
BHiK,351,2,2,2,2,2,3,4
KKzc,659,3,2,3,3,3,3,6
S1Pc,80,2,2,3,2,3,3,4
qKfv,84,3,3,3,3,3,4,7
ofQc,734,3,3,3,3,4,3,6
6i7X,539,3,3,3,4,4,3,8
i2sZ,708,1,1,2,3,1,1,3
HUia,541,2,2,3,2,2,4,6
8K9b,285,2,2,3,2,2,2,3
aUfY,85,3,2,3,3,2,3,6
8s6M,537,3,3,3,3,3,3,8
4yeM,294,3,3,3,3,3,2,6
Giw1,548,3,3,3,3,3,3,8
FuqW,87,2,2,3,2,2,2,3
reoo,53,3,3,3,3,4,4,7
jYwR,35,3,3,3,4,2,1,3
F4As,687,3,3,3,4,2,3,7
Gp3Q,717,3,2,3,3,3,4,8
dV5C,207,4,4,3,3,3,4,8
1YG6,724,1,2,3,2,3,2,3
uUdr,101,1,2,2,2,2,2,3
pMmH,742,2,1,2,0,1,1,2
nJEp,445,3,3,3,3,2,3,6
ZJ1m,167,3,2,3,2,3,2,3
iDgf,56,2,2,2,1,3,3,4
zP7a,186,3,4,3,3,4,4,8
Erkf,660,3,2,3,0,3,4,6
9e5K,699,3,3,3,3,3,3,6
sQon,554,3,2,2,2,4,4,5
MJSv,144,3,3,3,4,2,3,7
nvJH,127,2,1,3,2,2,2,4
ecm3,304,3,3,3,3,3,3,7
PJMk,575,4,3,3,3,3,3,8
v2y1,619,3,3,3,3,3,4,8
Aujd,149,2,3,3,3,3,3,4
5brW,548,3,3,3,3,3,3,8
PLuj,433,3,3,3,3,3,3,8
Vryc,617,2,3,4,4,3,3,6
WfDt,425,2,2,2,2,2,1,3
iJdf,586,2,2,3,3,2,3,4
WXT3,184,2,2,3,3,2,4,7
39re,190,3,2,3,0,3,4,5
2Awt,243,3,3,3,3,3,3,7
1RUg,737,3,3,3,3,2,3,7
Jr2M,369,3,3,2,2,4,4,6
Vpeg,571,3,2,2,3,2,4,5
wVcx,728,3,2,1,0,3,3,4
dbfh,744,2,3,3,2,2,2,4
uNMp,101,1,1,1,2,1,1,2
p5gt,652,2,3,3,2,3,3,6
tzE1,17,3,2,3,2,2,3,6
1m5N,513,3,3,3,0,3,3,7
9WD2,350,2,2,2,2,1,1,3
J34J,153,2,2,2,2,1,2,3
2zQM,41,2,2,3,3,3,3,4
EntV,110,2,2,3,3,3,3,4
4dhj,173,2,2,3,3,3,3,4
k4eo,426,2,2,2,1,1,3,3
SD1U,49,3,3,2,2,2,3,5
zaxD,38,3,2,2,3,2,2,4
muik,423,2,2,2,2,2,2,4
pwju,675,1,1,3,3,3,3,2
p7w1,340,2,4,3,3,2,3,7
R8yB,199,3,2,3,2,2,3,4
xLdc,31,2,2,2,3,3,3,4
GK37,451,2,2,2,2,2,2,4
yeSY,628,3,3,3,0,3,3,7
348d,720,2,3,3,3,3,3,6
jVHj,551,3,2,3,3,3,3,5
8paW,682,2,2,3,2,2,3,4
8QyC,230,2,2,2,2,2,3,3
YqQx,273,2,2,3,3,3,4,7
FQNY,449,3,3,3,3,2,4,6
SULz,166,3,3,3,2,3,2,3
n4At,289,3,3,3,3,2,4,7
7Nqy,491,3,2,3,3,2,2,6
9sPt,325,3,3,3,3,3,3,7
kRbC,595,2,2,3,0,4,4,4
3xVH,674,3,3,3,3,2,4,8
tqNa,563,3,1,3,2,2,3,4
4vER,375,3,3,2,3,2,2,4
uSZp,648,2,1,1,0,1,3,3
1xnY,740,3,3,3,4,3,4,7
fJxh,445,3,2,3,3,3,4,7
JpRN,151,3,3,3,3,3,3,6
WTUD,38,2,3,3,2,3,2,5
ixuV,203,3,2,3,2,3,1,4
6zCY,477,3,3,3,3,3,3,7
GjSV,503,3,2,3,0,4,4,7
YmoZ,361,2,3,4,4,3,4,7
mZrN,210,2,2,2,2,3,3,4
mnCP,397,2,2,3,4,3,4,6
jmwd,732,2,2,3,2,3,3,4
oJqE,122,3,3,3,3,4,4,7
JjQD,573,3,3,3,3,2,2,6
tosr,737,2,3,3,3,3,3,7
Qbf8,345,1,1,1,1,1,1,1
jk5n,333,2,3,3,3,2,3,5
dXUe,418,2,1,2,1,2,2,3
P1m6,646,3,3,3,3,3,3,6
dno3,595,3,3,3,3,4,3,7
Bxk6,514,3,2,3,3,3,4,7
ToFj,301,3,3,3,3,3,3,7
BJLd,311,2,2,2,2,2,2,4
4Xk2,388,3,2,3,3,3,3,7
1u3v,226,3,3,3,4,4,4,8
PU5Z,388,3,3,3,3,1,3,7
fkkh,233,3,3,2,3,3,2,6
u3MZ,689,2,2,2,2,2,2,4
hxpT,739,3,3,3,2,3,4,5
BQjN,130,2,3,3,2,3,4,6
Vip8,91,3,3,3,2,3,4,7
FJMN,675,3,3,3,3,3,3,7
3scE,353,2,1,2,2,2,2,3
uof5,231,2,2,3,3,2,2,6
jGj9,453,3,3,3,3,3,2,5
3w2X,288,2,1,2,2,2,1,4
EbkN,722,2,1,3,3,2,2,4
cV5e,61,2,2,3,2,2,3,5
MFaV,115,2,1,2,2,2,2,3
kjkQ,118,2,2,3,3,3,2,4
K7JS,56,3,3,3,4,3,4,7
iqG7,274,3,2,3,3,3,3,7
cT7w,260,2,2,3,2,2,2,5
Ysyo,425,2,2,3,2,2,4,4
7GaW,408,2,2,2,3,2,2,3
WysR,422,3,3,3,3,3,3,7
nskZ,514,2,2,3,3,3,3,5
bGf8,90,2,2,3,2,2,3,3
C3MZ,392,2,3,4,3,3,4,7
cWWm,649,3,3,3,0,2,3,7
VYDL,175,1,2,3,2,2,2,3
3MkS,264,2,1,2,2,2,2,3
7f5M,190,2,2,3,3,3,3,5
Zmsd,557,2,2,3,2,2,3,6
QpbU,543,2,2,3,3,3,3,6
TWvM,66,2,2,2,2,2,2,3
fBZJ,163,3,3,2,3,3,2,5
t1fD,356,2,2,3,3,3,2,4
qHQ5,345,3,3,3,3,3,2,6
w1DB,406,3,2,2,3,2,3,5
9DVR,18,2,2,3,0,2,2,6
FEMd,640,3,3,3,4,4,4,8
ye2D,681,2,2,3,2,2,2,4
EgDM,552,2,2,2,2,2,2,3
CKVY,724,1,1,1,2,4,2,2
eNVT,522,3,3,3,3,3,3,6
HBN5,199,3,3,3,1,3,3,4
aAr2,594,2,2,3,3,3,3,7
wmQa,628,3,3,3,0,4,4,6
Lthz,222,2,2,3,3,4,3,6
8R9o,336,2,3,3,4,3,3,5
NV5P,157,2,2,2,1,3,3,3
ojdg,127,2,3,2,2,1,1,4
jL3v,138,3,3,3,3,3,2,5
8NqU,386,2,2,1,1,1,2,3
cfDb,613,2,2,3,3,2,2,5
sBzY,389,3,2,3,2,1,3,3
NQ1U,385,1,1,2,0,1,2,3
hEv2,3,3,3,3,2,2,2,5
yarE,737,2,2,3,2,2,1,3
3J8J,481,3,3,3,2,2,2,4
J5vp,170,2,2,4,1,4,3,6
UWcu,481,2,2,3,2,1,2,3
DaDM,544,2,2,3,4,3,1,3
NMnb,196,3,2,3,2,3,4,6
VTDH,120,2,3,2,3,2,3,4
SCaQ,12,2,2,2,0,2,2,3
rTSN,205,3,3,3,2,3,3,7
89dd,60,2,2,3,2,2,2,3
4EHF,676,2,2,3,3,3,3,4
GasB,547,2,2,3,3,2,2,6
EEcs,508,3,3,3,2,2,4,7
m2qa,28,3,3,3,3,3,2,7
iGHZ,180,2,2,3,2,1,2,6
ubDq,110,3,3,3,2,3,3,6
44M4,396,2,2,2,2,2,3,6
9wjp,630,2,2,3,1,2,2,4
jpSs,142,3,1,3,2,2,3,3
zq4b,531,2,2,2,2,3,2,5
VYp7,361,2,2,3,0,3,3,4
vRuP,564,2,2,3,3,3,3,6
zAgp,532,2,2,2,1,2,2,3
Txfk,53,3,1,3,2,3,3,5
QALZ,645,2,1,2,1,2,2,3
WWEY,417,2,2,4,2,2,3,3
5wVu,430,2,2,2,1,3,2,3
WtRZ,465,2,2,2,2,2,1,3
J8rV,87,3,2,2,3,2,2,6
9m1D,5,3,2,3,3,2,3,6
ZgBD,17,2,2,3,2,1,3,4
4yNc,689,2,1,1,2,2,2,4
We5N,168,3,2,3,3,2,1,4
SHfC,63,3,3,4,3,2,4,6
4Fb2,542,4,3,3,3,3,3,8
TWMN,200,3,3,3,2,2,2,6
9xtB,540,3,2,3,0,2,4,6
pSr8,204,2,2,3,0,3,3,5
YP7R,335,3,2,3,3,3,3,7
sNne,366,3,3,3,4,2,3,7
aYWY,40,2,2,3,1,3,1,2
nkBT,239,3,3,3,3,3,3,7
CHcP,246,2,2,3,2,3,2,3
1JBC,107,1,2,3,3,4,2,3
syUK,547,3,3,3,3,2,3,6
okDa,640,3,3,3,3,3,2,4
FwBy,653,2,2,2,3,2,2,4
mdVQ,235,2,2,3,2,2,3,3
w83v,641,3,2,3,3,3,3,6
4ezZ,576,3,2,3,2,2,3,5
oyu5,135,2,1,3,2,3,3,3
gNC9,262,3,3,3,3,3,3,6
vBmf,362,3,3,4,4,4,4,8
Biea,457,2,2,3,2,3,2,5
egee,254,3,3,3,3,3,4,7
yK5t,321,3,3,3,2,2,3,6
MLuP,220,1,1,1,1,2,2,3
VaC2,256,2,2,2,2,1,1,3
jemg,25,2,2,1,2,3,3,2
6Tyj,665,3,3,3,0,3,3,7
Diik,275,2,1,2,2,2,2,4
gVsE,25,2,2,3,2,2,2,3
tz8X,118,2,2,3,3,3,3,2
zRvX,515,2,2,3,2,3,3,5
b6vT,635,2,3,3,3,1,4,7
mwQo,656,1,1,1,2,1,2,3
wm3e,681,2,3,3,2,4,3,6
Cxat,268,3,3,2,3,2,3,4
1PwR,523,2,2,1,2,2,2,3
tQX7,437,3,2,3,3,3,3,6
yttK,743,2,1,3,2,3,3,3
pJ4E,678,3,2,3,2,3,3,5
c6kJ,353,3,2,2,3,2,3,5
6Tzc,459,2,1,2,0,1,1,3
b6Xg,125,3,3,3,3,3,3,6
vL39,683,2,3,3,3,2,3,5
GGRb,464,2,2,2,2,2,1,3
aieE,676,2,2,3,2,2,2,3
FRTv,251,3,3,3,3,1,3,4
VyTW,495,3,3,3,3,3,3,6
iCmj,612,3,4,3,3,4,3,7
DqYg,550,2,2,3,3,2,3,6
vw2E,399,2,2,3,0,1,1,2
nwyx,189,3,2,3,2,1,2,5
CEsL,391,2,2,2,2,2,1,2
dHA6,545,3,3,3,3,3,4,7
4Jq5,223,3,4,4,3,3,3,8
o234,162,3,3,3,3,3,3,6
c3Q5,544,2,2,3,3,3,2,5
eG3T,678,4,2,3,3,2,4,6
fG82,153,3,3,2,2,3,2,6
RWG2,358,3,1,3,2,2,3,3
Xr1o,15,2,2,3,3,3,2,5
hyce,710,2,1,3,3,3,3,5
whng,642,2,2,3,2,3,4,5
WjTM,31,4,3,3,3,3,3,7
h8Uc,309,2,2,3,2,2,3,4
hnAG,194,1,1,3,2,2,3,4
jJAZ,314,2,2,3,3,2,4,5
7yZz,232,3,3,2,3,2,3,6
Ja6m,490,2,2,3,0,2,2,5
E56E,514,3,2,3,2,3,3,7
Sdfj,290,2,3,3,2,2,3,6
ivci,635,2,2,2,3,3,2,3
6518,642,3,3,3,3,3,3,7
RT6W,211,2,2,2,1,1,3,3
gDcn,487,3,3,3,3,2,2,6
XeCs,735,2,2,3,2,2,3,4
Xnsz,549,4,3,3,3,3,4,8
zKJ9,232,3,3,3,3,3,3,6
warH,712,2,3,3,3,3,3,5
RX17,479,3,3,3,3,3,4,7
vfFW,578,2,3,4,3,1,4,7
26Yi,193,2,3,4,3,4,4,8
CCvT,636,3,2,3,2,2,3,6
U1z3,465,3,3,3,2,3,2,5
xc4G,508,2,2,3,2,2,2,3
aby5,645,2,3,3,3,2,2,3
H7Kg,496,2,2,3,2,2,2,3
9mCf,322,2,1,1,2,2,2,3
RHp1,309,3,3,3,3,2,3,6
JwUV,723,2,4,3,3,3,3,6
AHbZ,697,2,2,2,2,2,1,5
zzPG,3,3,3,3,2,3,3,6
XyzP,384,3,1,1,1,1,1,3
yCRw,650,2,2,3,3,3,3,5
ZoNA,562,2,2,1,2,1,1,3
cSDR,84,3,3,3,3,3,3,6
d43Y,392,3,3,3,2,3,3,5
v2z6,31,3,3,4,4,3,3,9
g4he,350,3,3,3,3,2,3,6
Nka5,723,2,2,3,2,2,2,5
xQ2f,67,1,1,1,1,1,1,3
VK2n,398,2,3,2,2,3,4,3
rFti,267,3,2,3,3,3,3,6
2fKi,9,2,2,2,2,2,2,4
iWoT,28,2,2,2,3,2,3,6
LPoR,57,3,3,3,2,2,3,5
9yf3,564,2,2,3,3,3,4,5
XLqJ,69,3,2,3,3,3,2,6
FkM6,649,3,3,3,3,4,4,7
cnVp,160,1,1,2,2,3,2,3
XV9U,637,3,3,3,2,3,3,7
kX5F,638,3,2,3,2,2,3,6
stwp,357,3,2,2,3,3,3,7
gtzV,71,2,2,3,3,3,2,4
yXfY,343,2,3,2,3,1,3,5
DGfo,491,3,3,3,3,3,3,7
j5gU,607,2,2,3,2,2,3,4
xiSK,475,3,3,3,3,3,3,8
j82D,501,2,2,3,3,3,4,4
rPjE,594,3,4,3,3,3,4,7
NdDp,159,2,2,2,2,3,3,3
brcZ,78,2,2,2,2,2,3,6
3YHd,107,3,2,3,2,2,2,3
Fj2z,672,2,3,3,2,2,3,4
ziEo,119,2,2,3,3,4,4,7
Lorz,544,2,2,3,2,3,3,4
3pYk,297,2,2,2,2,2,1,3
Hi14,322,3,3,3,3,3,3,5
D7Ee,351,3,3,2,0,2,3,5
emUf,520,2,2,2,2,2,2,2
wYwD,198,2,1,2,2,2,2,4
c8J3,45,3,2,2,2,3,3,5
9cz4,328,1,1,2,2,2,2,3
gasF,330,3,3,3,3,3,3,7
wSKN,305,3,3,3,1,2,3,5
714N,358,2,2,2,2,1,3,4
dB3o,531,2,3,4,3,4,4,7
8aDv,158,2,2,3,2,2,3,4
dBtX,337,2,2,2,2,2,2,5
ygVt,531,3,2,3,2,3,3,5
6YnH,695,3,3,3,3,3,4,7
3ysH,165,3,2,3,0,3,4,7
1MNt,531,3,3,3,3,4,3,7
Wnjn,160,2,2,3,3,3,3,6
7TPK,103,2,2,3,3,3,2,5
EPEt,26,3,3,3,4,4,4,7
sQVA,236,2,2,2,2,2,2,5
Q3n1,617,3,3,3,3,3,4,6
86pu,609,3,3,3,2,2,3,7
2NtP,465,1,1,1,2,2,2,3
hcCP,675,3,3,3,3,3,3,5
XbKh,634,3,2,3,2,3,3,4
9mDR,601,3,4,3,2,3,4,7
EN4x,354,2,3,3,3,3,3,5
F3Gy,228,3,2,1,1,3,2,4
Y1nz,373,3,2,3,3,3,3,6
QKxP,227,2,2,2,3,3,3,4
Jvmh,441,3,3,3,2,2,3,6
oeoE,602,2,2,2,2,2,2,5
8Hf8,68,3,2,3,2,3,3,5
Xg43,466,2,2,3,2,3,3,4
2pK2,658,3,3,3,2,4,4,6
8BoC,740,2,3,3,3,3,3,6
m3YM,477,2,2,3,3,3,3,5
XCT2,135,2,1,3,2,3,1,3
KNey,283,2,2,2,3,3,2,5
UcK1,419,2,2,3,3,2,3,6
nzrA,466,2,2,3,2,2,3,4
Qg7c,225,3,3,3,3,3,3,5
ScDq,714,2,3,3,3,2,3,5
7A14,132,2,2,3,3,2,3,5
K94Y,150,2,2,3,3,3,4,6
TxzQ,330,2,2,3,2,2,3,3
poh9,616,2,2,3,2,2,2,4
9y2B,317,2,2,3,2,2,3,3
YLQC,738,3,2,3,2,3,4,6
Fmrh,385,1,2,2,0,1,2,3
dmny,638,3,2,3,2,3,2,7
va6u,620,3,2,3,3,1,3,6
o892,457,3,3,3,3,4,4,5
AyeH,646,2,2,3,2,4,3,4
28zk,399,1,2,2,1,1,2,3
usjF,731,2,2,1,2,1,1,4
ndUh,354,2,2,2,3,3,2,5
FUaU,590,2,2,3,3,2,3,4
sDF1,180,3,3,2,2,2,2,4
FvQr,134,2,2,2,2,2,2,4
s2bo,637,3,3,3,4,4,4,7
fNWy,214,3,3,3,2,3,3,6
tG5w,591,3,2,3,3,2,3,6
cJge,44,3,1,3,3,3,2,3
JBBN,562,3,3,3,3,3,3,6
arxq,252,2,2,3,3,3,4,4
ZMwJ,197,2,3,2,2,3,3,3
F9aT,150,2,2,3,3,3,3,4
jp3x,656,3,3,1,2,1,2,3
praj,633,3,4,3,3,3,4,7
YHE9,365,3,2,3,4,2,3,6
LNeJ,432,1,1,3,3,3,1,3
4zsg,51,2,2,2,2,2,2,3
sieb,534,3,3,4,3,3,4,8
uqyj,494,3,3,2,3,2,1,5
A8dE,239,2,2,2,2,2,2,5
izw7,243,2,2,3,3,2,4,5
Te3j,682,2,2,3,3,3,4,6
7LZa,281,3,2,3,1,2,2,3
Y5fa,209,3,2,3,3,3,4,6
6opz,604,3,3,3,4,3,3,7
LC62,514,2,2,2,0,3,2,5
hpid,618,2,2,3,3,4,3,3
2bFs,94,2,2,2,3,2,2,3
uppW,677,2,2,2,2,2,2,3
9eyg,580,3,2,3,4,3,4,7
aP8S,179,2,2,2,2,1,2,3
PeLw,299,3,2,3,1,3,3,3
iz5V,383,2,2,3,3,2,2,3
biE9,184,3,3,3,3,2,3,6
JzKk,114,2,1,3,2,2,2,3
4bj4,164,2,1,3,2,1,3,3
8b6x,232,2,2,3,4,4,3,5
TUhd,606,3,2,3,2,2,2,4
JjH3,22,3,3,3,2,2,3,7
YX7C,703,2,2,3,3,2,2,3
H499,260,2,2,3,2,3,3,4
yvJw,298,2,3,2,3,1,2,3
Dohg,463,2,2,3,2,2,1,3
hUMN,374,3,3,3,4,3,4,7
ezAb,627,2,1,3,2,2,1,4
jWLE,692,2,2,3,3,4,3,5
7e8n,324,2,2,3,0,3,2,4
2Df3,7,3,2,3,3,3,4,7
fjxr,673,3,3,3,3,3,4,5
rweT,77,2,2,3,3,3,3,4
h9gx,82,2,2,3,1,3,2,3
2JWY,59,2,2,1,1,2,4,3
NtQe,297,2,2,2,2,3,3,4
CbtV,386,3,3,3,3,3,3,6
sEox,709,3,3,4,3,2,3,6
x7Si,37,2,3,3,3,3,3,6
h1s1,243,2,2,3,2,1,4,5
sM9i,2,1,2,2,2,2,1,3
99cU,193,3,3,3,3,4,3,6
qdhm,328,2,2,3,2,1,2,4
bRMe,715,2,2,3,4,2,4,5
SFiB,564,1,1,2,2,3,3,3
orMi,231,2,3,3,4,3,3,5
jsQc,123,3,3,3,4,4,4,7
hGDj,593,3,3,3,3,3,3,7
iSn6,539,2,2,3,2,3,3,5
pRe3,246,2,2,3,3,3,3,4
WYBS,608,3,3,3,2,2,3,6
5jD4,515,3,3,3,2,3,3,6
YEPc,360,3,3,3,2,3,3,4
sojG,234,3,3,3,3,3,3,6
7B63,696,3,3,3,3,3,4,6
Gfh1,633,3,3,3,3,2,2,6
vBS2,313,2,3,3,3,3,3,7
U36Y,525,2,1,3,2,2,2,2
8wi5,375,3,2,3,3,3,3,6
uATQ,102,3,3,4,2,3,3,6
NfNF,19,2,1,3,2,1,2,3
tBvP,696,3,3,3,3,3,4,6
zTgP,86,3,2,2,1,1,2,3
GWxB,428,2,2,2,2,2,2,3
T1Nc,57,3,2,3,3,3,3,6
ZMSB,223,2,1,4,3,3,3,4
tTeD,317,2,1,4,2,1,2,2
C32Z,520,2,2,3,2,3,2,3
1guv,511,2,2,3,2,3,3,4
NV5K,642,2,2,4,3,1,3,4
YPPc,48,3,2,3,3,3,4,6
dyth,651,2,2,3,3,3,3,4
V1QL,166,3,3,3,3,3,3,5
UzNu,332,2,2,3,3,3,3,4
oFHC,12,3,3,3,3,3,3,6
qavb,533,2,2,3,2,3,3,6
ew1q,79,1,1,2,1,2,1,3
a737,380,2,2,2,2,3,3,3
6W16,165,3,2,3,3,3,3,6
RuuB,666,2,2,2,2,3,3,3
cfJu,189,3,3,3,3,3,3,4
Ye5Q,70,4,4,4,4,3,4,8
B1jw,152,1,2,3,3,3,3,3
2K9Y,443,2,3,2,3,3,2,4
dE7B,450,3,2,2,2,3,2,6
TEHP,7,2,2,3,3,3,4,7
2wp5,655,2,2,3,3,3,3,3
yEVT,472,2,2,2,2,2,3,4
QadR,586,2,2,2,2,2,2,4
mdYr,705,3,3,3,2,3,3,6
DCtb,102,2,2,3,3,3,4,4
13HA,226,3,3,3,3,3,4,7
SSvh,44,2,2,3,2,3,3,3
f5c4,241,3,3,3,3,3,3,5
FUMX,161,3,3,3,3,3,3,6
Hn5N,276,2,2,3,2,4,4,6
R1QV,209,2,1,2,2,2,3,3
R2x1,453,3,2,4,3,3,4,6
wEZM,145,3,2,3,2,4,3,5
xPSF,414,3,3,3,3,3,3,7
CSWi,378,2,3,2,2,2,2,5
dsri,49,3,3,3,3,3,4,7
MAF7,296,2,2,3,3,3,3,5
mcKz,346,2,2,3,2,4,2,4
eeGt,570,2,1,3,0,3,2,4
6msd,367,1,1,1,1,2,2,3
fQnG,404,1,1,2,1,1,1,1
cZ2H,682,3,3,3,3,3,4,7
ebTw,63,2,1,1,2,1,1,2
S8Ji,141,3,3,3,3,3,3,7
2A8c,614,1,1,2,2,2,1,2
thBS,326,3,3,3,3,3,3,4
RVoq,378,2,2,3,3,4,4,4
rzU6,115,3,2,3,0,3,2,6
NsmF,304,2,2,3,3,2,4,6
7MDe,644,2,2,2,2,2,3,4
xYBK,695,3,3,3,3,3,4,7
DWEr,384,2,1,1,2,1,3,3
Fgkq,408,2,2,2,2,1,1,3
8vqb,178,2,2,3,3,2,3,5
Eyyy,513,2,2,3,3,3,3,6
1dKH,391,2,1,1,1,3,2,1
c3ZJ,574,2,2,4,0,4,2,4
kQJf,470,1,2,3,2,3,4,5
Hy5E,338,2,2,2,2,2,2,6
jDSA,159,1,2,3,3,2,2,3
2jZD,276,2,2,3,1,3,4,5
zY2Y,341,2,2,3,2,2,3,4
DWy3,631,2,1,2,2,3,2,4
eKP8,112,3,2,3,3,2,3,6
7MDe,230,2,2,2,2,2,2,3
HnTK,451,2,1,3,2,3,3,2
Sajq,164,2,2,3,3,2,3,5
g9Xr,263,2,2,2,2,2,3,5
thnG,415,3,2,2,2,3,3,4
Ew3p,64,1,2,3,2,2,2,4
WeT8,361,2,1,1,0,1,1,3
zQRR,627,2,1,3,3,2,1,3
KEbY,475,2,2,3,3,2,4,6
eoxt,180,2,2,3,3,2,3,7
m9F7,296,2,1,3,2,3,2,3
EaNv,219,2,2,3,3,2,3,6
TM38,360,2,1,2,2,3,2,2
bYD5,618,2,2,3,0,2,4,5
cJBa,204,2,1,1,0,1,2,3
7shs,492,3,2,3,3,3,3,7
wkNT,66,1,2,2,2,2,2,3
kWBV,84,2,2,4,3,4,4,6
QtDA,182,3,2,3,3,3,2,6
WasZ,598,2,2,2,0,1,2,5
haTT,498,3,2,3,2,3,3,5
g6nd,213,2,1,3,0,1,2,3
g36k,91,2,2,2,2,3,1,4
52xj,476,1,2,3,1,2,3,3
UX16,27,2,1,2,2,2,1,3
Z1k7,123,3,3,3,3,3,3,7
bYXN,126,2,2,2,2,2,1,3
DPb2,479,2,2,3,4,3,3,5
oeXK,516,2,3,3,0,3,3,6
XZHf,212,2,2,2,3,3,3,5
q4E9,657,3,3,3,3,2,3,6
dJd4,614,2,1,3,2,2,4,3
nWQh,482,3,3,4,0,3,4,7
RUJX,704,2,2,2,1,2,2,4
cnkc,93,2,2,3,3,3,1,4
eAnU,154,3,3,3,4,3,4,8
eNXv,690,3,2,3,2,3,3,6
pdYu,419,3,2,3,3,2,3,7
MTkP,141,3,3,3,3,3,4,7
93sN,605,2,2,1,2,2,3,3
2Wh8,705,3,2,3,3,3,3,6
7n2q,401,3,3,3,3,3,3,5
XxMo,362,3,2,4,3,3,3,4
1HSz,266,2,1,3,2,2,3,5
5ZLS,472,2,2,3,3,4,3,7
D3AB,249,2,2,3,2,2,1,3
4gT7,658,2,2,3,1,2,3,3
Aizy,611,3,3,3,0,3,3,7
FSxb,329,2,2,1,1,2,1,3
bTFu,489,3,3,3,3,3,3,7
2mBp,36,2,2,3,2,2,3,4
sad8,709,1,1,1,1,1,1,2
rDYz,390,2,1,3,2,1,2,3
zsWG,470,2,2,3,3,1,4,4
mUtn,246,2,2,3,3,3,3,4
nhSi,473,1,2,3,2,2,3,4
cbJA,171,2,2,3,3,3,3,5
NRDk,438,3,3,3,4,2,3,7
xyPk,678,3,2,3,2,3,2,4
p1EA,534,3,3,3,2,2,3,6
XStT,50,3,3,3,3,2,3,4
uqri,325,3,3,3,2,2,3,7
meKQ,173,2,2,2,2,3,3,3
HcTF,740,2,2,3,2,2,2,4
95s4,192,3,2,2,3,2,2,5
fjtb,311,1,1,4,3,3,4,3
bAcK,102,2,1,3,2,2,2,5
m82m,252,3,3,3,3,3,4,8
NMSw,663,3,3,3,3,3,3,7
f3P1,275,2,2,2,2,3,2,2
3jjN,89,2,2,2,1,2,2,3
UBMu,136,3,3,3,3,3,3,6
HCzQ,651,3,2,3,1,2,3,4
Ydkb,668,2,3,3,3,3,2,6
SpaS,500,3,3,3,3,2,4,6
jrbw,258,2,2,3,2,3,3,3
WhkN,358,2,1,1,1,1,2,2
gCLT,611,3,2,3,0,2,2,4
TwMC,606,2,2,3,2,3,1,4
gUMb,57,3,3,3,4,3,3,7
2WpQ,567,2,2,3,2,2,1,5
SBxZ,197,1,1,3,3,3,3,3
LyTc,651,2,2,3,2,1,2,6
cMEA,446,3,3,3,3,3,2,7
dpPp,418,3,3,2,3,3,4,7
sSAJ,163,3,3,3,3,3,3,6
ACxm,715,2,2,3,2,2,2,3
X15g,656,2,2,3,3,3,2,4
FCyR,622,2,2,3,2,3,2,6
wae4,331,3,3,2,3,3,2,5
HDLB,634,2,3,3,2,3,4,5
3H8k,714,3,4,3,3,3,4,8
bKEv,706,2,1,3,2,2,3,4
9ybE,63,1,1,2,2,3,2,2
mMAr,77,2,2,3,3,3,3,5
TsaK,496,2,2,4,3,1,4,3
r5Zp,365,2,3,3,3,3,2,5
Epju,497,2,2,3,2,4,4,3
Ao6z,418,2,1,2,3,2,2,3
Rxup,594,3,3,3,4,3,3,7
xGmm,569,2,3,3,3,2,4,5
XhZn,474,3,2,3,3,3,3,7
T51M,720,2,3,1,2,2,3,3
G1cK,702,3,2,3,3,2,4,7
Hjou,409,1,2,2,2,2,2,3
CGZn,60,3,2,3,3,3,3,4
CJPJ,176,3,3,4,4,3,3,7
mLJb,536,1,1,2,2,3,3,3
z9Bw,686,2,2,3,3,3,3,3
6KrV,384,2,2,2,2,2,2,4
cxHJ,488,3,2,3,3,3,2,5
aG5N,96,2,2,2,3,3,3,3
rJjv,478,3,3,3,3,3,2,6
JEB6,638,2,2,3,3,2,3,4
3NVV,459,2,2,3,2,2,2,5
9Gtx,688,1,1,3,3,3,4,3
GPXj,528,3,3,3,3,2,4,6
WSXN,647,1,2,3,3,2,2,4
HdeK,157,2,2,4,0,3,3,4
quzz,255,3,3,3,3,3,3,7
iG9Y,213,3,2,3,0,3,1,4
dFBC,144,2,1,2,2,2,3,3
Cnv9,179,3,3,3,2,2,3,4
Mbfk,111,3,2,3,3,3,2,6
Fo6W,623,2,2,2,2,3,2,5
8Gqc,457,2,2,3,3,3,3,5
6GTG,474,2,2,2,0,1,1,3
HMAb,401,2,2,3,3,4,3,6
nVBt,529,3,3,3,0,1,2,5
h2pP,158,2,2,3,2,2,2,3
TmLi,361,2,2,3,2,3,4,4
xZ4w,309,2,4,3,3,2,4,6
DJYL,309,2,2,2,2,2,2,4
PTHq,244,2,3,3,2,4,3,5
m67w,108,2,4,3,3,2,2,6
KM9m,480,3,3,3,1,3,3,6
zB2F,155,1,3,4,2,3,1,3
ucGT,550,2,2,2,2,1,2,3
JrQG,620,3,3,2,2,3,3,6
oPBx,528,2,2,3,1,2,2,4
dg6G,490,2,1,3,2,3,2,4
rmeW,7,2,3,3,3,3,4,7
XjAa,202,3,3,3,3,3,3,7
38ho,331,2,2,3,3,2,4,5
74C1,655,3,3,3,3,4,3,7
iqij,181,3,4,4,4,4,4,7
ppM5,305,3,3,4,2,2,4,6
pP1j,300,2,2,3,3,2,1,4
JtE3,480,3,2,3,0,3,3,6
TcU2,384,1,2,3,2,2,3,4
jVxo,125,2,2,2,3,3,2,5
jhWV,154,2,2,2,2,2,3,4
wnSR,490,2,2,3,2,2,3,4
h1oY,153,2,1,2,1,2,2,3
i5Rc,288,3,3,3,3,3,3,5
1cBL,424,3,3,3,4,3,2,4
AKJt,573,3,2,3,3,2,3,6
jv8u,515,2,2,2,1,4,3,3
5yfy,271,2,3,3,3,3,2,5
GNYz,127,1,2,2,2,1,1,2
pe6B,295,2,2,2,3,3,2,4
Ummm,724,1,1,2,0,1,2,3
NR6N,608,2,2,2,2,2,2,4
tk46,335,3,2,3,3,4,4,8
vjfF,279,3,3,4,2,2,4,3
dhhj,228,2,2,3,3,3,2,3
o81Y,78,3,2,3,2,2,3,6
twbA,325,3,3,3,4,4,3,5
MgWC,231,2,2,3,2,4,4,4
cofU,669,2,2,3,2,3,3,5
sSvh,669,3,3,4,4,4,4,8
4aKb,177,2,2,2,1,2,2,4
dvYs,208,1,1,2,0,3,3,3
ws69,560,3,3,3,2,2,3,6
Fs9j,149,3,2,3,2,3,3,5
mBwt,100,2,3,3,3,3,4,6
5L1q,89,2,2,1,2,1,1,3
DFjH,571,2,2,3,3,4,4,6
zQsd,512,3,3,4,4,1,4,4
dq7W,698,2,2,3,2,2,2,4
uoJc,34,3,2,3,2,2,1,5
kwEY,306,3,2,3,3,2,4,6
tFoT,511,2,2,3,2,4,4,5
rwW4,672,2,2,4,2,4,4,5
p4Tp,712,3,3,3,3,3,3,7
4ZA9,577,2,2,2,2,2,2,3
eNzF,300,2,2,3,3,3,3,6
BnqS,94,2,2,3,3,2,1,3
5kto,101,2,2,3,2,2,2,5
Zzbq,74,2,1,2,2,2,3,4
4Wez,702,3,3,3,3,3,3,7
1JjD,743,2,1,3,2,3,3,3
mCXc,88,3,3,3,3,3,3,7
rtDu,650,2,2,3,2,2,2,5
UEMR,183,1,1,2,2,2,2,3
RoJ4,124,2,2,2,0,3,3,5
oHMf,21,3,2,2,3,3,3,5
8faX,137,1,1,2,2,2,2,2
RMFc,638,3,3,2,3,3,3,5
8wnb,156,2,1,2,2,1,1,2
3x5x,397,2,2,3,2,3,4,4
D9WA,208,1,2,2,2,4,2,3
3nS1,471,2,2,2,3,2,2,4
GTgf,468,2,1,2,1,2,2,3
V5dj,174,3,3,3,3,3,2,5
ym3L,172,2,2,3,3,3,2,5
3rHd,34,2,2,2,2,2,3,4
ph4L,636,3,3,3,2,2,3,6
jTF4,33,1,2,2,2,3,2,4
H6T3,282,1,1,1,1,1,1,1
G5q6,711,2,2,2,2,3,2,5
Hto2,146,3,2,3,2,3,4,5
WkP9,174,2,3,2,3,3,2,4
2AS1,212,3,3,3,3,2,3,5
9YpW,430,3,3,3,2,2,3,6
mmMP,331,2,2,3,3,3,4,6
HFYK,458,3,3,3,3,2,2,7
vHEp,133,2,1,1,1,1,1,3
1Cn4,32,3,2,3,2,2,2,4
iSHu,275,1,1,2,1,4,3,2
oyv2,240,3,3,3,3,4,4,6
jpj1,273,3,2,3,2,2,2,5
kbVe,307,3,3,3,3,3,4,7
zsTA,511,3,3,2,2,3,3,5
ibgi,178,2,3,3,4,2,3,6
tew8,73,3,2,2,3,2,1,4
LEtm,31,3,2,3,3,3,4,7
3Ybr,634,2,2,3,3,2,3,4
2gzq,117,3,3,3,2,3,3,6
JVVf,417,2,3,3,2,2,3,3
Leso,553,2,2,3,2,2,3,5
4Wt8,471,3,3,3,3,2,3,5
tG29,356,2,3,2,2,2,3,4
nKA1,389,1,2,2,2,2,2,3
8g2B,342,2,1,2,0,4,3,3
NaRP,673,3,2,3,2,4,4,6
ZVQG,495,3,2,3,3,3,3,6
XmQM,20,2,2,2,2,3,3,4
Z6of,125,2,2,2,2,2,3,4
poim,427,2,1,3,3,4,4,6
eLuh,674,3,3,4,4,3,4,8
SEPe,105,3,3,3,3,3,3,7
66ec,508,2,2,2,2,1,2,3
KVN1,285,2,2,3,3,2,2,4
GBKn,339,2,2,3,3,3,3,6
V5ej,583,2,2,3,3,2,3,6
obNU,324,3,3,3,0,3,3,6
AMpP,212,2,2,2,2,2,2,4
MKBP,424,3,3,3,3,3,3,7
3QdA,707,3,2,2,3,2,2,4
pjpd,336,2,2,3,2,3,2,4
XNWi,530,2,2,3,3,3,4,7
Qp5R,717,3,2,3,3,2,3,4
7Cz6,4,3,3,3,3,3,3,8
UV46,131,3,3,2,3,2,1,4
kxuz,257,3,3,3,2,2,4,7
b14h,619,3,2,2,3,3,2,4
mCKG,476,3,3,3,2,4,3,6
12a4,639,3,3,3,2,2,2,3
Ur8P,150,4,3,3,3,2,4,7
rMiF,340,3,3,2,2,1,2,6
kHg8,108,3,2,3,4,3,3,7
nhsf,108,2,2,2,3,2,2,4
EART,612,2,2,3,2,3,2,3
Gb4Q,386,2,2,3,3,3,3,7
g8Zi,286,3,2,3,2,3,3,5
JzbK,323,3,2,3,2,4,3,5
4wgS,691,2,2,3,3,3,3,6
gC1L,534,2,2,3,3,3,3,4
CBUJ,525,3,2,3,3,4,3,6
6Ep9,244,3,3,3,3,2,4,7
GrjA,368,2,2,3,1,4,2,3
CQVR,348,3,3,2,3,2,3,6
gx57,352,2,2,2,2,2,3,3
bSjC,593,3,3,3,4,2,2,7
enTj,724,2,3,2,0,3,2,4
Ea73,383,2,2,2,2,2,2,4
X7L1,438,3,3,3,4,4,3,6
GFPp,290,2,2,3,3,3,3,6
o8oj,653,3,3,3,2,3,3,6
uAfF,603,2,2,3,2,3,2,3
kunX,398,2,2,3,2,3,3,5
GUu4,283,2,2,3,2,3,3,3
Qzpd,336,3,3,1,3,3,3,4
KSBX,638,3,3,4,3,4,4,4
U7dG,385,1,2,3,2,2,4,3
rGy6,673,2,2,3,3,2,2,5
rAZe,578,2,3,3,2,3,4,4
tf1R,743,2,2,1,1,2,3,3
AZfS,112,3,3,3,3,3,3,7
C2vf,508,2,2,3,3,2,3,5
YJGn,279,1,2,1,2,2,2,3
xZQ7,392,3,2,3,3,3,4,4
6kve,343,2,2,3,2,4,2,3
4f65,482,3,2,3,3,3,3,6
CuHo,561,3,3,2,2,2,2,5
VFsY,121,2,2,3,1,4,4,3
3NDi,319,2,3,3,3,2,3,6
yEkU,334,2,2,2,2,2,2,4
zgkj,102,1,2,2,2,2,3,4
FTzx,78,2,2,2,1,2,3,5
RuxX,156,2,2,2,2,2,1,1
k9CT,491,2,3,2,3,2,3,5
9qoz,576,1,1,3,1,1,4,6
GWR5,51,2,2,3,3,3,3,4
x7Nj,308,2,2,3,3,3,2,4
XpW5,222,4,3,3,3,2,1,6
xc4K,573,2,2,3,3,2,3,6
fQXr,661,2,3,4,4,3,4,7
A8au,261,3,3,3,3,3,4,7
QKxu,398,1,1,2,1,2,2,3
9wgp,464,2,2,3,3,3,2,5
QiHY,300,3,3,3,3,3,3,6
891E,338,3,3,3,3,2,1,6
RGHh,542,3,3,3,3,4,4,6
g8Wy,292,2,3,3,3,3,3,7
MSCF,257,1,2,3,3,1,3,3
RHYa,613,3,2,3,4,2,4,7
7nB3,311,1,2,4,3,2,3,4
xRPm,687,2,2,2,2,2,3,6
D63v,266,3,3,3,3,3,3,3
au1T,485,3,3,3,3,3,3,4
5RAA,645,3,3,3,3,3,4,7
RKFX,667,3,3,3,3,3,2,6
JSHC,619,3,3,3,3,3,4,7
zrhF,333,3,3,3,3,3,3,6
3rmS,540,2,3,3,1,2,2,4
MCd9,86,2,2,2,2,2,2,3
qD3K,566,2,3,3,2,3,2,6
39DK,221,3,3,3,3,3,3,3
9jsi,406,3,3,3,3,4,4,7
HbFu,320,3,3,3,3,3,2,5
bJ1Z,362,2,2,3,3,3,4,6
WzUp,430,3,3,3,3,3,4,7
PUib,402,2,1,1,2,2,1,2
NxMm,372,2,3,3,2,2,3,5
Xvfe,389,2,2,3,2,2,3,3
w32V,297,2,2,1,2,3,1,3
swYF,18,2,2,3,3,3,3,6
YUMJ,742,3,3,2,3,1,1,6
6oiR,560,4,4,4,3,3,4,7
mDsh,229,2,2,3,2,2,3,4
uLkU,581,2,2,3,0,3,1,4
K7hL,238,3,3,4,3,3,4,7
NHcT,439,2,2,2,2,2,3,3
ChE2,296,3,3,3,3,4,4,7
JUci,55,2,2,3,2,3,3,3
6jRr,546,3,2,4,2,2,3,4
3h61,80,2,1,3,2,3,4,3
vqub,487,2,2,2,3,3,2,4
xqLK,265,2,2,1,1,3,2,3
MQKV,646,3,3,3,2,3,2,6
vCAu,663,2,2,3,3,2,4,5
no3C,598,3,2,3,2,2,3,5
a66r,614,1,1,2,2,2,4,2
5i27,484,2,2,3,3,3,3,4
wuoq,249,2,2,2,2,3,2,3
YKsd,190,3,2,3,0,3,3,6
udtd,269,3,2,1,2,3,3,4
FJkv,196,3,3,3,3,3,3,7
wyPc,262,3,2,3,3,3,4,7
DBgf,704,3,3,3,3,2,3,5
pqCv,220,3,3,3,3,3,1,3
X5QG,58,2,2,1,3,3,3,4
gofC,394,2,3,3,2,3,3,5
mrin,449,2,3,3,2,3,2,4
SSsH,142,2,2,4,3,3,4,6
TCYq,469,3,2,3,3,3,3,6
CaZ1,261,3,3,4,3,3,4,6
7jES,280,2,3,3,3,3,2,6
4y4K,461,2,2,2,2,3,1,3
JKiv,2,2,2,3,2,3,2,4
viXR,240,3,4,3,2,2,3,7
W9Zt,730,3,3,4,4,3,4,7
73U7,371,3,3,2,3,3,3,6
744o,281,3,3,4,4,4,4,7
4j6D,355,2,2,2,3,2,2,4
YnG2,437,2,2,3,3,3,2,6
nCvJ,133,2,2,3,2,2,3,4
ruhh,33,3,2,2,3,3,3,5
tv8R,395,2,2,3,3,2,3,3
HU7f,511,2,2,3,2,2,2,4
MSfS,652,3,3,3,3,3,3,4
tvYh,720,2,2,2,2,2,2,4
qx6x,237,2,2,3,3,3,1,4
fKbe,471,2,2,2,2,2,3,3
YJAD,440,3,3,3,3,3,2,5
iQu7,494,3,2,3,2,2,2,5
9GwC,147,2,3,3,2,3,3,4
rBjx,501,2,2,3,2,2,2,3
pswS,617,3,3,3,2,2,3,6
GZSU,271,2,2,2,2,2,2,3
F5gh,69,3,3,3,3,3,3,7
bAz1,281,3,3,3,1,3,3,5
RYTA,590,2,2,2,2,2,3,4
4BUC,578,2,2,3,3,3,3,5
D1F3,615,2,1,2,2,2,3,2
K2wM,35,1,2,3,2,2,1,3
3AhZ,376,2,2,1,2,3,1,4
NC43,609,3,2,3,2,2,2,7
fenV,188,3,2,3,2,4,2,6
wAsH,172,3,2,2,2,2,3,5
QijX,674,2,3,3,3,3,4,6
cnc9,485,2,2,2,3,3,3,6
EghU,157,2,2,3,0,3,3,4
epW4,247,2,3,4,4,4,4,5
xAPe,113,2,2,3,3,3,3,5
EaZ1,427,4,3,3,4,4,4,9
3skR,192,1,1,2,1,2,3,3
daGz,326,2,2,3,2,3,2,5
NpVS,338,3,3,3,3,3,3,5
n1wS,372,2,2,3,3,2,2,5
vxDu,74,2,2,3,3,3,4,4
A5Vt,661,3,3,3,3,2,3,7
RUxN,467,1,2,3,3,4,3,4
W2sS,613,3,1,3,3,2,4,4
NRTu,180,2,3,3,4,4,4,7
YKx9,217,2,2,1,2,2,1,3
yvUK,598,2,2,2,3,3,2,5
svGP,728,2,3,4,4,4,4,7
z45z,173,2,1,3,3,2,3,4
C3mF,118,4,3,3,2,2,3,5
ufaN,658,2,2,2,3,3,3,5
raAJ,218,1,1,2,1,1,1,3
Zawj,534,2,2,3,1,3,3,4
wCst,109,2,1,1,0,1,2,3
tM8L,372,3,3,3,2,3,3,6
N7XY,666,2,2,2,1,2,2,3
xJYw,101,3,3,3,3,2,2,6
FwRJ,733,2,2,1,2,2,2,3
KSqg,535,3,3,3,3,2,3,6
9HFJ,657,3,3,3,3,4,3,6
NuC8,319,1,2,3,3,3,4,4
z4ku,130,2,2,3,3,3,3,6
zBLq,454,3,3,3,3,1,2,4
A3GZ,722,2,2,1,2,2,2,3
YZmS,217,2,2,2,3,3,2,5
bjD5,424,2,2,2,2,1,1,3
qhtA,459,2,2,3,3,2,2,4
gRxA,28,3,2,3,2,3,3,7
khWu,373,2,2,3,2,3,3,6
ymt7,459,2,2,3,3,2,3,5
gWDd,473,1,2,3,2,3,3,3
WbRo,50,3,2,3,2,2,2,5
FHPX,581,2,1,3,1,3,2,3
Pq8Y,475,2,2,3,3,3,4,4
xtSf,286,3,3,3,3,2,3,7
fCF5,19,2,2,3,2,4,3,5
cGqf,418,2,3,3,2,3,3,4
WA7G,415,3,2,3,2,2,3,4
zFNC,644,3,2,3,2,2,4,5
m4c9,292,3,3,3,3,3,4,7
z5fu,82,4,3,3,3,4,3,4
xeaG,644,3,2,3,3,3,3,6
XMmV,37,3,3,3,3,2,3,6
P1FQ,358,2,2,2,2,3,3,4
688M,103,3,2,3,3,2,4,7
5Ay9,463,2,2,3,3,2,2,3
8Gpz,206,2,2,3,4,3,4,4
vzoS,512,2,2,1,3,3,3,3
6e3s,184,4,4,3,3,4,2,7
BGpu,62,2,1,3,2,3,3,3
3RBm,287,2,2,3,2,1,4,6
T4zv,379,1,2,2,2,2,2,2
2Kt2,142,3,3,3,3,3,2,5
LGGn,256,2,1,1,2,1,2,3
u79W,509,3,3,3,3,4,3,6
oBDK,300,3,2,3,2,3,3,6
aWEf,109,2,1,1,1,2,3,2
EGZ4,315,3,3,3,3,3,4,8
vk7a,47,3,3,3,2,3,3,6
ToCC,96,2,3,4,3,3,3,3
iocZ,26,3,4,2,2,3,1,2
AgmP,137,2,2,3,2,3,3,3
iNc2,32,3,3,3,3,3,2,6
bfoN,653,3,3,4,4,4,4,7
qW85,143,3,2,4,0,3,3,6
qnwN,45,2,2,3,3,3,2,5
HiDx,697,3,2,3,2,3,3,4
vaWY,738,2,2,3,3,3,2,6
hDzc,117,3,2,3,2,4,3,5
1pJH,334,2,1,3,2,2,1,3
gYbk,558,2,2,3,2,2,3,5
GJGK,83,1,1,2,3,4,3,3
2x5W,218,2,2,3,3,2,2,4
vVJp,163,3,3,3,3,4,3,7
x5uq,36,2,1,3,2,3,3,3
iGBD,414,2,2,3,3,3,3,6
yyYd,537,3,2,2,3,2,3,5
7SKs,380,3,3,3,2,2,2,5
DZXr,597,3,3,3,0,3,3,8
ATVf,707,3,3,3,3,2,3,7
rg73,556,2,1,2,3,2,2,3
eVYT,378,2,2,3,3,2,3,3
puZV,41,2,2,3,0,3,2,5
rKn7,544,2,3,2,2,3,2,3
zycb,58,2,2,2,3,2,3,4
tfxk,194,3,3,3,2,2,3,6
u5Tm,661,3,3,3,3,3,3,5
Qcoq,515,2,2,2,4,3,2,4
p8MD,556,1,1,2,2,2,2,4
Qmei,608,2,2,2,3,1,3,4
q1As,587,3,2,3,3,3,4,7
HNVU,20,2,2,2,1,2,3,5
u3rg,77,2,2,2,1,2,3,5
Uosa,191,2,2,2,3,3,2,5
6NCH,161,2,2,1,1,3,3,3
UjAg,735,2,2,3,2,2,3,4
QaNH,732,2,2,2,3,3,1,3
ejQW,460,3,2,3,2,3,3,6
CeaB,654,3,2,3,0,3,4,5
oA5R,61,3,3,3,2,4,4,7
32E5,21,3,3,3,2,2,3,6
EXAg,317,2,2,3,2,3,3,4
6hjy,725,2,2,2,2,3,2,3
2TZ1,474,3,3,3,3,4,3,7
razK,74,3,3,3,2,3,4,7
9m5Y,512,1,1,2,2,2,3,4
uEWV,729,3,3,4,3,3,4,7
6tip,708,3,3,3,3,2,2,7
21NS,341,2,2,2,2,3,2,3
jEWr,400,2,1,2,2,2,2,3
i5TJ,590,1,2,2,2,2,2,3
qDnt,284,1,2,3,0,3,3,5
WzmY,561,1,1,2,2,2,2,2
1GJM,200,1,2,3,2,3,3,3
Hp9N,342,3,2,3,3,4,4,8
NEiQ,584,3,3,3,3,3,4,7
m6ER,26,2,2,3,2,2,1,4
Rbvb,166,3,3,3,3,4,3,6
6sSj,467,3,2,3,3,2,2,4
H2VD,397,2,2,3,3,2,2,5
tpfN,276,2,2,3,2,3,2,6
DGdE,499,2,2,3,0,1,1,3
Upn4,510,3,3,3,3,2,3,6
SyaD,111,3,3,3,3,3,4,6
1TrE,665,3,3,3,1,2,2,6
RQBf,591,4,4,3,3,3,4,7
5ynz,338,3,3,3,3,3,4,7
UNtB,425,2,2,3,3,3,2,4
b8Xr,547,2,3,4,3,3,3,4
CyBz,567,1,1,2,3,2,2,3
Mqqg,530,1,2,3,3,2,3,6
3u87,156,1,2,2,2,2,2,4
Zy44,528,2,2,2,1,2,3,4
YXyS,35,2,2,2,2,2,1,3
Y8ti,637,3,3,3,0,3,3,7
xBw5,698,2,3,3,1,2,3,3
k8aM,171,2,2,2,2,3,3,3
jeS2,82,1,1,1,1,2,1,1
jeRb,588,1,2,1,1,2,2,2
vYbq,650,2,2,3,3,2,3,5
QSkx,509,3,2,2,2,3,3,4
nBcK,120,2,2,2,3,2,3,5
eRz2,630,3,3,3,2,3,3,6
osaA,72,2,1,4,2,2,2,3
HiAK,539,3,2,3,3,3,2,5
3zcb,198,3,2,2,3,2,3,5
ocdT,675,2,2,3,3,4,3,6
duSr,627,1,1,3,0,2,2,2
vz6D,352,2,2,3,3,2,3,7
aBCn,648,3,3,4,4,4,4,6
pjf7,337,3,2,3,2,2,2,5
BTt4,525,3,3,3,4,4,4,8
vDai,692,2,1,1,2,4,4,3
wgh5,709,3,3,3,3,2,4,6
N5kh,599,2,3,3,2,3,3,4
KkDS,231,3,3,3,3,3,3,4
QPTe,551,3,3,3,3,3,4,8
ya95,60,3,2,3,2,2,2,3
dQcg,617,3,3,3,3,4,3,7
hnF8,662,2,2,3,3,2,3,4
P8Gi,49,3,3,4,3,3,3,7
sJgk,215,2,2,2,1,2,3,5
HWFa,247,2,2,3,3,3,3,6
c4cq,27,3,3,3,2,3,4,6
6YG8,440,2,2,2,1,2,3,5
nnFU,503,3,3,3,3,4,3,7
vKfe,78,3,2,3,2,2,3,5
z7n3,188,3,2,3,2,4,4,7
SMaj,473,2,2,3,2,2,3,3
zXYQ,600,2,1,2,2,2,1,3
FPWZ,74,2,2,2,2,3,3,3
BTHv,600,2,2,3,2,2,3,4
cj8t,94,2,1,1,1,1,2,3
11X1,435,2,2,2,2,1,3,3
m7aC,165,3,2,3,0,3,3,5
gCH8,134,2,2,2,1,3,3,3
Yd6g,522,3,2,3,3,2,4,6
BroA,195,1,1,2,2,2,2,3
p1Vr,606,3,3,3,3,2,3,7
xKMD,119,2,2,3,3,3,4,6
kEQa,696,3,3,3,3,3,4,7
y7L3,12,4,3,3,3,4,4,7
p6zu,474,3,3,3,3,2,2,7
cFiD,292,3,3,3,2,3,4,6
bYns,114,1,2,3,2,2,3,4
cH37,586,2,1,3,2,1,2,3
MTLP,603,2,2,2,1,3,3,3
r9dA,261,4,4,4,3,4,4,8
3D3J,114,2,1,3,2,2,1,2
L1vc,570,2,2,3,2,3,4,6
MG2t,725,2,2,1,3,2,2,3
QMsV,258,3,3,3,3,3,2,5
fL7v,653,2,2,3,2,3,3,3
yMWs,115,2,2,3,0,3,1,3
2SkG,301,2,2,3,2,3,3,6
sWd6,350,3,3,3,3,3,2,6
mnZg,439,3,3,3,3,2,3,6
ZdRm,105,2,2,1,3,3,3,3
rtGt,264,4,3,2,2,2,2,5
yqW3,504,3,4,4,3,2,3,7
QHtK,602,3,2,3,3,2,3,7
1UDV,216,2,2,2,3,3,2,4
iv6t,345,3,2,3,3,3,2,6
c25Z,84,2,3,3,2,3,3,6
zZi4,80,3,3,3,3,3,3,5
5HDd,25,2,2,3,3,3,2,4
tNZG,274,2,2,3,2,3,3,5
YMre,375,2,2,2,3,3,3,5
aVDZ,315,3,2,3,2,2,3,6
QxmZ,109,2,2,2,0,2,3,3
iZyd,492,3,2,3,3,3,4,6
J7t1,463,2,2,2,1,2,3,5
8fw5,88,2,2,3,2,2,3,6
qqQa,526,2,2,2,1,2,3,5
1f9L,258,3,3,2,3,3,3,6
VEnG,711,2,2,2,1,2,3,5
4qL2,741,2,2,3,2,3,1,2
FPqD,522,3,2,3,2,2,3,5
dqtq,436,3,2,3,3,3,3,4
ti3i,250,3,3,3,3,3,4,7
QSeh,492,2,3,3,3,3,4,7
FE27,454,2,3,2,3,3,3,4
1rwH,391,2,2,2,0,2,2,2
H3aE,684,3,3,3,3,3,4,6
UTLe,90,3,3,3,3,3,2,4
eEa8,229,2,2,2,3,2,2,5
sRHn,680,2,2,3,2,2,3,3
UjoH,680,3,3,3,3,3,3,7
4TuZ,720,3,3,2,2,2,3,5
X11x,305,2,2,3,2,3,3,5
BDKi,249,1,1,3,2,1,3,3
NgaG,262,2,3,3,3,3,3,6
X9xb,378,2,2,2,2,2,1,3
UgVD,624,2,2,2,2,2,1,3
nEFB,90,2,1,2,2,3,2,3
2byu,559,3,2,3,3,3,3,6
dEFC,32,3,2,2,3,3,3,6
SMXM,416,4,4,4,3,3,3,8
qDhN,656,2,2,3,1,1,3,3
qx4p,76,2,1,1,2,1,1,2
BF3a,136,2,2,3,3,2,4,3
J8ws,63,2,2,3,3,2,2,3
5d8A,543,2,2,3,4,3,4,5
RQZZ,216,3,2,2,3,3,3,5
dPYS,532,3,3,3,2,2,3,6
zC4u,739,2,2,3,2,3,3,6
A6eQ,510,3,2,3,2,2,3,3
58y8,618,2,3,2,3,3,2,3
a6RR,684,2,2,4,2,2,4,6
ZGPC,580,3,2,3,3,3,2,6
LBew,15,2,2,1,2,2,1,2
7urT,149,2,2,2,2,2,2,3
1wnC,116,2,2,2,3,3,3,5
myMn,91,2,2,3,3,2,3,6
E2Tn,192,3,2,3,2,3,3,4
Jydc,548,3,2,3,3,3,3,7
gRhU,38,3,2,3,3,3,2,4
KCAY,147,2,2,2,3,4,3,5
dJrU,672,2,2,3,3,3,3,4
GYp4,493,3,3,3,3,3,3,6
2jAo,425,2,2,3,2,2,3,4
5VoE,589,3,3,3,3,2,3,5
3PsZ,677,2,1,3,2,1,3,4
pdVz,136,3,2,2,2,3,3,4
TU9p,191,3,2,2,2,3,3,3
sXtH,567,3,3,3,3,3,3,6
6NKG,730,3,3,3,3,3,3,6
ZwYH,249,2,1,3,2,2,3,3
TfiZ,732,2,2,2,1,1,2,2
c4mJ,640,2,2,3,3,3,3,6
cLmT,287,3,3,3,2,2,3,6
eveT,115,2,2,3,3,3,3,4
bQVZ,264,2,2,3,2,4,3,6
dg3y,225,3,2,3,3,2,4,7
QaLL,50,3,3,3,2,2,4,6
b3kq,517,3,2,3,3,2,3,7
beEu,698,3,3,2,3,2,3,6
dkEa,250,3,3,4,3,4,4,7
3Azc,721,3,2,2,2,2,3,3
Coqa,580,2,2,2,3,2,2,5
AsnF,609,3,2,3,2,3,3,7
D55P,185,1,2,3,2,2,2,3
Z9Vv,731,3,3,3,3,4,3,7
KbB7,554,2,3,3,4,2,4,7
ynK6,438,2,1,3,1,3,1,3
4X6F,267,2,3,3,4,3,4,5
v2p8,568,3,2,2,3,3,3,4
ewga,364,1,1,3,3,4,3,3
jGKG,206,3,4,3,3,2,4,8
sZEM,600,3,2,3,3,2,2,6
naS2,66,1,2,2,2,3,2,3
v19q,742,1,1,3,2,1,2,3
WckG,460,3,2,3,3,4,3,4
vzen,493,3,3,3,3,3,3,7
DBAF,48,3,3,3,3,3,3,7
2rqv,496,3,3,3,3,3,3,4
jaDS,73,3,2,3,2,3,3,5
NUPY,230,2,1,2,2,2,2,3
4edk,538,4,2,3,2,4,4,4
FKAA,130,2,3,4,3,3,4,6
Nhew,472,2,2,3,2,3,2,3
bebh,159,1,2,2,3,2,2,3
zAzS,422,2,2,3,3,2,2,4
rvQP,561,3,3,2,1,2,2,3
heAc,687,4,4,4,4,2,4,8
7D27,694,1,2,1,2,2,2,4
1YNR,585,2,2,1,2,2,3,3
kq1J,551,3,4,2,2,2,2,5
PmjC,244,3,3,3,3,3,3,7
TwPV,744,2,2,3,3,3,2,4
z7Rf,259,1,1,3,2,2,1,3
CYdk,630,2,2,3,3,3,3,6
wGkx,135,2,2,3,3,4,3,5
cdTJ,412,2,3,4,3,3,4,8
8uD6,546,3,2,1,2,2,3,3
AP1g,174,2,3,3,3,2,3,5
rtas,379,2,2,1,1,2,1,3
G7oH,202,2,2,3,2,3,4,6
StP3,497,2,3,3,2,3,3,4
gjoH,10,3,3,3,3,3,2,4
jK8v,27,2,2,2,2,2,2,3
extB,622,3,3,2,4,3,4,7
bsFx,699,2,3,2,1,2,3,3
bxaN,526,2,3,3,2,1,1,4
DEVQ,449,2,2,3,2,2,4,4
zktB,222,3,3,3,3,2,3,6
zXqH,583,2,2,3,3,2,2,5
vFnQ,390,2,2,2,2,2,3,4
Pqy3,458,3,3,3,3,4,3,7
m36h,126,3,3,3,3,2,2,6
NhxC,254,2,2,1,4,1,3,7
fUY4,582,3,3,4,2,3,3,6
Ka98,629,2,1,2,2,1,1,3
Z8Yu,433,2,2,3,2,2,2,6
cQGk,671,4,3,4,4,2,4,8
S1Zi,712,3,2,3,2,3,2,4
vPqa,721,3,3,1,3,2,1,3
BuGn,85,2,2,3,2,2,3,4
Tm3Q,386,2,3,3,3,2,3,5
psxN,320,2,3,3,2,4,3,4
FHcD,660,3,3,4,3,4,4,8
aqXr,462,3,3,3,2,3,3,4
sXGY,488,3,2,3,0,4,4,7
AUC7,444,3,2,3,2,4,4,6
bRW5,608,3,3,3,1,3,1,3
wNvH,512,1,1,2,3,2,2,3
BQsK,247,3,3,3,4,4,3,7
UpZV,387,2,2,3,2,4,4,4
wMsF,53,2,2,3,3,3,1,4
cBHx,744,3,2,3,3,2,3,5
s6be,417,1,1,1,2,2,1,1
PMfk,570,2,1,1,2,3,1,3
Ra2u,574,3,3,2,3,3,3,6
LoUC,710,3,2,3,3,3,3,6
kkkc,639,3,3,3,3,3,2,7
rMkF,432,2,2,1,3,2,2,3
zTC8,326,3,3,4,3,3,3,8
ZDht,81,2,2,3,0,3,2,4
j2md,16,3,3,3,3,2,3,6
2qoG,379,2,2,2,2,2,2,3
2jy8,595,3,3,3,0,3,4,7
6Bgr,83,2,2,3,3,3,3,4
X8cS,9,2,2,2,2,2,3,3
9yoY,538,2,2,3,1,2,2,3
ZVzv,327,3,3,3,3,3,3,7
XJPs,364,2,2,3,3,4,2,3
yrEp,484,3,2,3,4,3,3,6
kxDF,370,2,2,2,2,3,1,3
kpKz,332,2,2,3,2,3,3,3
71aX,587,2,2,3,4,4,3,7
HX7w,265,2,2,3,2,2,3,6
mZet,706,3,2,3,2,4,3,4
CaFi,435,1,3,3,2,2,3,3
P3S6,277,3,3,4,3,3,4,7
i2KZ,524,3,3,2,2,1,3,3
HQk5,481,2,2,2,2,2,2,4
bnuR,414,2,2,3,2,3,3,4
Mxt2,722,3,2,3,2,2,4,6
SAcC,235,3,2,3,2,2,2,4
p71b,480,3,2,4,0,3,4,8
rAhv,333,3,3,3,3,2,3,7
951o,162,3,2,3,3,2,3,7
itnh,268,2,2,2,3,3,2,4
J2n4,625,2,2,2,3,1,2,4
m8tJ,556,2,2,3,3,2,3,5
vcVn,556,2,2,3,2,3,1,3
BFxJ,684,2,3,3,3,3,3,5
8rNk,462,2,2,3,3,3,3,6
tSb7,282,3,2,3,1,3,3,3
WhzX,593,2,2,1,2,2,1,3
7p67,141,2,2,3,3,4,4,7
Dbiw,311,2,3,3,3,2,3,4
x4rH,40,2,3,4,2,4,3,5
NZTX,240,3,3,3,3,2,3,5
o5Sz,316,2,2,3,3,3,2,5
VqZv,381,2,2,2,2,2,2,4
p9HF,9,2,2,3,2,3,2,4
yooL,513,3,2,3,2,3,2,4
7ize,428,3,3,2,2,3,3,4
h1Hj,426,2,2,3,2,4,2,5
xikE,421,3,3,3,4,3,4,7
34J5,725,3,2,3,3,3,3,5
hNew,477,2,2,3,2,3,2,5
zHNL,81,3,3,3,2,3,2,7
ix6i,289,3,3,3,3,3,4,6
t4PZ,183,1,2,2,3,2,2,4
2Z6V,189,2,2,1,2,2,3,3
rPAK,241,3,2,3,3,2,3,6
LtFb,373,3,2,3,3,3,3,6
QWcf,432,2,2,3,2,2,1,4
zAXC,498,2,2,3,2,2,3,4
bT3S,697,2,2,3,2,2,3,6
sA3d,214,2,2,3,2,3,4,5
v57p,364,2,3,2,2,4,3,6
QQH1,263,2,1,1,1,3,3,3
sxXL,41,3,2,3,2,3,3,6
VLe6,76,1,1,1,1,1,1,1
YXyR,552,3,2,3,1,2,2,3
SLKi,91,3,3,3,3,3,3,6
qTy4,335,3,3,3,3,3,2,7
wHzC,114,1,1,1,1,1,1,1
qddf,678,3,2,3,3,3,3,5
onES,595,2,1,3,0,4,3,4
DVsz,315,3,2,1,2,3,3,4
5G55,216,3,3,3,3,3,4,7
yuPj,596,3,3,3,2,2,2,6
2jUv,60,2,3,3,3,2,4,6
J61W,503,3,3,3,0,3,4,7
vUMd,575,3,3,3,4,4,2,6
wiBd,702,3,3,3,3,3,4,6
gaMX,591,3,3,3,3,2,3,6
cnGV,506,2,2,3,1,2,2,3
edD4,256,4,2,2,3,3,1,3
RT94,445,3,3,3,3,3,4,7
rWyu,236,3,3,3,3,3,2,6
pk4K,641,3,2,2,3,3,3,6
9QhE,698,2,2,3,1,3,4,3
GvhP,710,1,1,2,2,3,1,2
j5qo,464,3,3,3,3,3,3,6
WmGa,451,2,2,4,3,3,4,5
HFQJ,458,2,2,3,3,3,3,5
tbyQ,119,2,2,3,2,3,3,4
2dL5,219,3,3,3,3,3,4,7
2U49,143,3,3,2,0,2,3,7
8zCH,75,2,1,3,3,2,3,3
ufbJ,427,4,4,3,3,3,3,7
u5Er,605,2,2,3,3,3,3,4
44yd,423,2,2,3,3,4,3,4
bFYx,603,2,1,2,2,3,2,3
TZYv,631,2,2,3,2,2,2,5
m2fc,254,3,3,4,4,4,4,8
hE1v,568,2,1,2,2,3,2,3
xZJp,503,3,3,4,0,4,4,7
ReTd,322,3,3,3,3,4,2,6
ktZD,586,2,2,3,3,3,4,7
DEy1,64,1,2,4,3,4,4,6
T6fy,337,2,2,3,2,3,3,6
QHVP,298,3,2,3,3,2,3,4
VWHg,67,2,1,3,2,2,4,4
V3V1,187,2,2,3,3,2,2,6
RcKP,27,3,3,3,3,2,3,6
aMsj,642,2,2,3,2,2,3,3
Saht,622,2,3,4,4,3,4,8
zf2B,431,2,2,2,1,2,1,4
P4AG,677,3,3,4,3,3,4,7
bcHq,79,3,2,3,3,2,4,6
YKz4,134,1,1,2,1,2,2,2
oWTq,11,3,3,3,3,3,4,7
Q2p9,79,2,1,1,2,3,2,3
mEXs,484,3,3,3,3,3,3,7
bJro,160,1,1,2,1,1,2,2
f3tb,498,2,2,2,2,2,4,5
CHRs,453,3,2,4,3,4,4,5
psUk,472,2,2,2,3,3,2,6
Xth2,504,3,3,3,3,2,3,6
rUV1,113,2,2,2,2,3,3,6
B4pC,635,2,2,3,3,2,3,5
1p8t,671,2,4,3,3,4,4,6
epFw,571,1,2,3,3,3,1,3
YjUv,11,3,2,3,3,4,3,6
3gwi,58,3,2,3,3,3,3,7
Xqzq,577,1,1,1,1,2,1,2
